Substrate Name	Substrate SMILES	Protein Sequence	Kcat value (1/s)
O2 O2	None	MQVNNLGFIASILFVLVPTVFLLILFIQTGKQSES	None
O2 O2	None	MDIKKAWENKTVRLSVIGALLVVIVYIISQSIFSTPVKKEKKTQKKDMQTNLLLDDSQMNKLSNEESQKVYKEMVKQNRLDQNAAKEDREKAEKAQQETKAQVASLTSQLQQLSQQINDMQTNRNGNRNLDAGSSRKTINEQAPAAPYQLNANAPINGVNPNYASITPTRNSPMRTITQSSIKTNGTDGVIQVMPVSENRIKEGREVIAGDKAPTRTVRGDGTAPVDSKARHAARKDEMFLPATSIITGVLITGLEAPTSLSSKSEPMPVTMRIKKDVIMPNNFTMDLRDCNLLGSAVGDLASQRAYIRATSISCVNSKGKAFDVKLEAYAVSENDGKNGIRGTLISRNGNAIAGAAFAGGLSSLAGSLSPSKVSSLNIDPNSQAQYQSPNFGALGALAGAGAAQGGLNRLVDYYTAIAEQQWPIVEISPGRAITFVVQTGTTIPTNLTSR	None
Internal bound semiquinone radical of the Photosystem II	None	MQVNNLGFIASILFVLVPTVFLLILFIQTGKQSES	None
Internal bound semiquinone radical of the Photosystem II	None	MDIKKAWENKTVRLSVIGALLVVIVYIISQSIFSTPVKKEKKTQKKDMQTNLLLDDSQMNKLSNEESQKVYKEMVKQNRLDQNAAKEDREKAEKAQQETKAQVASLTSQLQQLSQQINDMQTNRNGNRNLDAGSSRKTINEQAPAAPYQLNANAPINGVNPNYASITPTRNSPMRTITQSSIKTNGTDGVIQVMPVSENRIKEGREVIAGDKAPTRTVRGDGTAPVDSKARHAARKDEMFLPATSIITGVLITGLEAPTSLSSKSEPMPVTMRIKKDVIMPNNFTMDLRDCNLLGSAVGDLASQRAYIRATSISCVNSKGKAFDVKLEAYAVSENDGKNGIRGTLISRNGNAIAGAAFAGGLSSLAGSLSPSKVSSLNIDPNSQAQYQSPNFGALGALAGAGAAQGGLNRLVDYYTAIAEQQWPIVEISPGRAITFVVQTGTTIPTNLTSR	None
Plastocyanin(Cu2+)	None	MDILTLGWVSVLVLFTWSISMVVWGRNGF	None
Reduced rieske B6	None	MDILTLGWVSVLVLFTWSISMVVWGRNGF	None
Heme B located in the Cytochrome-b6/f complex, triply protonated	None	MDILTLGWVSVLVLFTWSISMVVWGRNGF	None
Plastosemiquinone located at the luminal side of the Cytochrome-b6/f complex	None	MDILTLGWVSVLVLFTWSISMVVWGRNGF	None
Oxidized rieske B6	None	MDILTLGWVSVLVLFTWSISMVVWGRNGF	None
Plastoquinol	CC1=C(C=C(C(=C1C)O)CC=C(C)CCC=C(C)CCC=C(C)CCC=C(C)CCC=C(C)CCC=C(C)CCC=C(C)CCC=C(C)CCC=C(C)C)O	MDILTLGWVSVLVLFTWSISMVVWGRNGF	0.0281
Acetyl-CoA	CC(=O)SCCNC(=O)CCNC(=O)C(C(C)(C)COP(=O)([O-])OP(=O)([O-])OCC1C(C(C(O1)N2C=NC3=C(N=CN=C32)N)O)OP(=O)([O-])[O-])O	MLITLEPTFYLRNHPLYYSPYDTLMITSIESPIKLSIPDEDFTIREVGFLHAYRLNLSFPPDLLLTYADMLSDSVSNVADYFLGEGQSSCFPENVVSSAQQIIYIEDFYVEPQYRGRNIGLKSLALFLQMLGQGAIVAGCPFPAGEEDSPGARRRQRLLIDYWSKLGLLCHCQKRNILWNDNWQLPKWLEECLWHEI	8.9183
Putrescine	C(CC[NH3+])C[NH3+]	MLITLEPTFYLRNHPLYYSPYDTLMITSIESPIKLSIPDEDFTIREVGFLHAYRLNLSFPPDLLLTYADMLSDSVSNVADYFLGEGQSSCFPENVVSSAQQIIYIEDFYVEPQYRGRNIGLKSLALFLQMLGQGAIVAGCPFPAGEEDSPGARRRQRLLIDYWSKLGLLCHCQKRNILWNDNWQLPKWLEECLWHEI	0.6596
Phenylacetic acid	C1=CC=C(C=C1)CC(=O)[O-]	MSIVVSTRLPDLTHERLQRFARCLGKTPSETTALLVEESLRQQDFPYIEFRQTPLGRHAHLKNSTLAVWEVVRIAQGYALDPEKTAQHFQRPLPWVKSALLYAEAYPEEINIAITDAGAVNETTLTRLLPQLEVQGQS	30.1281
Arsenate ion	[O-][As](=O)([O-])[O-]	MTENMIVIYHNPDCGTSRNVLQLIEAAGYLPQVIEYVKEGWTKPQLLGLFAAADLTPRSALRTTKSPAAELNLLEETVTDAQILDAMVEYPILVNRPIVCTPKGVRLCRPSEVVLDLLDHWPSGPFAKEDGELIIDERGNRVYT	None
Glutaredoxin	None	MTENMIVIYHNPDCGTSRNVLQLIEAAGYLPQVIEYVKEGWTKPQLLGLFAAADLTPRSALRTTKSPAAELNLLEETVTDAQILDAMVEYPILVNRPIVCTPKGVRLCRPSEVVLDLLDHWPSGPFAKEDGELIIDERGNRVYT	None
Ferricytochrome c6	None	MDILTLGWVSVLVLFTWSISMVVWGRNGF	None
Reduced rieske B6	None	MDILTLGWVSVLVLFTWSISMVVWGRNGF	None
Plastoquinone	CC1=C(C(=O)C(=CC1=O)CC=C(C)CCC=C(C)CCC=C(C)CCC=C(C)CCC=C(C)CCC=C(C)CCC=C(C)CCC=C(C)CCC=C(C)C)C	MIFPGATVRVTNVDDTYYRFEGLVQRVSDGKAAVLFENGNWDKLVTFRLSELEAVKPI	50.5655
Plastoquinone	CC1=C(C(=O)C(=CC1=O)CC=C(C)CCC=C(C)CCC=C(C)CCC=C(C)CCC=C(C)CCC=C(C)CCC=C(C)CCC=C(C)CCC=C(C)C)C	MSTSTHALTLQNPIQAPQVTKELSENVILTCLDDIYNWARLSTLYPMMFGTACCFMEFMAAFGPRFDLERFGSIPRATPRQADLMITAGTITMKYAPALVQLYEQIPEPKYVIAMGACTITAGMFSADSPTAVRGVDKLIPVDVYIPGCPPRPEAVIDGIIKLRKKVAGESRQDYTEDLQTHRFHAVRHRMKPVSPILTGQYLRHHEDLTPHHDPLLIK	0.0432
Plastoquinone	CC1=C(C(=O)C(=CC1=O)CC=C(C)CCC=C(C)CCC=C(C)CCC=C(C)CCC=C(C)CCC=C(C)CCC=C(C)CCC=C(C)CCC=C(C)C)C	MIFPGATVRVTNVDDTYYRFEGLVQRVSDGKAAVLFENGNWDKLVTFRLSELEAVKPI	50.5655
Plastoquinone	CC1=C(C(=O)C(=CC1=O)CC=C(C)CCC=C(C)CCC=C(C)CCC=C(C)CCC=C(C)CCC=C(C)CCC=C(C)CCC=C(C)CCC=C(C)C)C	MSTSTHALTLQNPIQAPQVTKELSENVILTCLDDIYNWARLSTLYPMMFGTACCFMEFMAAFGPRFDLERFGSIPRATPRQADLMITAGTITMKYAPALVQLYEQIPEPKYVIAMGACTITAGMFSADSPTAVRGVDKLIPVDVYIPGCPPRPEAVIDGIIKLRKKVAGESRQDYTEDLQTHRFHAVRHRMKPVSPILTGQYLRHHEDLTPHHDPLLIK	0.0432
Plastoquinone	CC1=C(C(=O)C(=CC1=O)CC=C(C)CCC=C(C)CCC=C(C)CCC=C(C)CCC=C(C)CCC=C(C)CCC=C(C)CCC=C(C)CCC=C(C)C)C	MIFPGATVRVTNVDDTYYRFEGLVQRVSDGKAAVLFENGNWDKLVTFRLSELEAVKPI	50.5655
Plastoquinone	CC1=C(C(=O)C(=CC1=O)CC=C(C)CCC=C(C)CCC=C(C)CCC=C(C)CCC=C(C)CCC=C(C)CCC=C(C)CCC=C(C)CCC=C(C)C)C	MSTSTHALTLQNPIQAPQVTKELSENVILTCLDDIYNWARLSTLYPMMFGTACCFMEFMAAFGPRFDLERFGSIPRATPRQADLMITAGTITMKYAPALVQLYEQIPEPKYVIAMGACTITAGMFSADSPTAVRGVDKLIPVDVYIPGCPPRPEAVIDGIIKLRKKVAGESRQDYTEDLQTHRFHAVRHRMKPVSPILTGQYLRHHEDLTPHHDPLLIK	0.0432
Reduced ferredoxin	None	MDILTLGWVSVLVLFTWSISMVVWGRNGF	None
Heme X located in the Cytochrome-b6/f complex, protonated	None	MDILTLGWVSVLVLFTWSISMVVWGRNGF	None
Heme B located in the Cytochrome-b6/f complex, twice protonated	None	MDILTLGWVSVLVLFTWSISMVVWGRNGF	None
Plastosemiquinone located at the stromal side of the Cytochrome-b6/f complex	None	MDILTLGWVSVLVLFTWSISMVVWGRNGF	None
Plastoquinone	CC1=C(C(=O)C(=CC1=O)CC=C(C)CCC=C(C)CCC=C(C)CCC=C(C)CCC=C(C)CCC=C(C)CCC=C(C)CCC=C(C)CCC=C(C)C)C	MIFPGATVRVTNVDDTYYRFEGLVQRVSDGKAAVLFENGNWDKLVTFRLSELEAVKPI	50.5655
Heme B located in the Cytochrome-b6/f complex, twice protonated	None	MDILTLGWVSVLVLFTWSISMVVWGRNGF	None
Plastosemiquinone located at the stromal side of the Cytochrome-b6/f complex	None	MDILTLGWVSVLVLFTWSISMVVWGRNGF	None
Plastocyanin(Cu2+)	None	MDILTLGWVSVLVLFTWSISMVVWGRNGF	None
Reduced rieske B6	None	MDILTLGWVSVLVLFTWSISMVVWGRNGF	None
Heme B located in the Cytochrome-b6/f complex, triply protonated	None	MDILTLGWVSVLVLFTWSISMVVWGRNGF	None
Plastosemiquinone located at the luminal side of the Cytochrome-b6/f complex	None	MDILTLGWVSVLVLFTWSISMVVWGRNGF	None
Reduced ferredoxin	None	MDILTLGWVSVLVLFTWSISMVVWGRNGF	None
Heme X located in the Cytochrome-b6/f complex,	None	MDILTLGWVSVLVLFTWSISMVVWGRNGF	None
Plastoquinone	CC1=C(C(=O)C(=CC1=O)CC=C(C)CCC=C(C)CCC=C(C)CCC=C(C)CCC=C(C)CCC=C(C)CCC=C(C)CCC=C(C)CCC=C(C)C)C	MDILTLGWVSVLVLFTWSISMVVWGRNGF	0.0280
Oxidized rieske B6	None	MDILTLGWVSVLVLFTWSISMVVWGRNGF	None
Plastoquinol	CC1=C(C=C(C(=C1C)O)CC=C(C)CCC=C(C)CCC=C(C)CCC=C(C)CCC=C(C)CCC=C(C)CCC=C(C)CCC=C(C)CCC=C(C)C)O	MDILTLGWVSVLVLFTWSISMVVWGRNGF	0.0281
Ferricytochrome c6	None	MDILTLGWVSVLVLFTWSISMVVWGRNGF	None
Reduced rieske B6	None	MDILTLGWVSVLVLFTWSISMVVWGRNGF	None
Heme B located in the Cytochrome-b6/f complex, twice protonated	None	MDILTLGWVSVLVLFTWSISMVVWGRNGF	None
Plastosemiquinone located at the stromal side of the Cytochrome-b6/f complex	None	MDILTLGWVSVLVLFTWSISMVVWGRNGF	None
Heme B located in the Cytochrome-b6/f complex, twice protonated	None	MDILTLGWVSVLVLFTWSISMVVWGRNGF	None
Plastosemiquinone located at the stromal side of the Cytochrome-b6/f complex	None	MDILTLGWVSVLVLFTWSISMVVWGRNGF	None
Photons with 680nm wavelength	None	MQVNNLGFIASILFVLVPTVFLLILFIQTGKQSES	None
Photons with 680nm wavelength	None	MDIKKAWENKTVRLSVIGALLVVIVYIISQSIFSTPVKKEKKTQKKDMQTNLLLDDSQMNKLSNEESQKVYKEMVKQNRLDQNAAKEDREKAEKAQQETKAQVASLTSQLQQLSQQINDMQTNRNGNRNLDAGSSRKTINEQAPAAPYQLNANAPINGVNPNYASITPTRNSPMRTITQSSIKTNGTDGVIQVMPVSENRIKEGREVIAGDKAPTRTVRGDGTAPVDSKARHAARKDEMFLPATSIITGVLITGLEAPTSLSSKSEPMPVTMRIKKDVIMPNNFTMDLRDCNLLGSAVGDLASQRAYIRATSISCVNSKGKAFDVKLEAYAVSENDGKNGIRGTLISRNGNAIAGAAFAGGLSSLAGSLSPSKVSSLNIDPNSQAQYQSPNFGALGALAGAGAAQGGLNRLVDYYTAIAEQQWPIVEISPGRAITFVVQTGTTIPTNLTSR	None
PSII reaction center P680	None	MQVNNLGFIASILFVLVPTVFLLILFIQTGKQSES	None
PSII reaction center P680	None	MDIKKAWENKTVRLSVIGALLVVIVYIISQSIFSTPVKKEKKTQKKDMQTNLLLDDSQMNKLSNEESQKVYKEMVKQNRLDQNAAKEDREKAEKAQQETKAQVASLTSQLQQLSQQINDMQTNRNGNRNLDAGSSRKTINEQAPAAPYQLNANAPINGVNPNYASITPTRNSPMRTITQSSIKTNGTDGVIQVMPVSENRIKEGREVIAGDKAPTRTVRGDGTAPVDSKARHAARKDEMFLPATSIITGVLITGLEAPTSLSSKSEPMPVTMRIKKDVIMPNNFTMDLRDCNLLGSAVGDLASQRAYIRATSISCVNSKGKAFDVKLEAYAVSENDGKNGIRGTLISRNGNAIAGAAFAGGLSSLAGSLSPSKVSSLNIDPNSQAQYQSPNFGALGALAGAGAAQGGLNRLVDYYTAIAEQQWPIVEISPGRAITFVVQTGTTIPTNLTSR	None
Internal bound plastoquinone of the Photosystem II	None	MQVNNLGFIASILFVLVPTVFLLILFIQTGKQSES	None
Internal bound plastoquinone of the Photosystem II	None	MDIKKAWENKTVRLSVIGALLVVIVYIISQSIFSTPVKKEKKTQKKDMQTNLLLDDSQMNKLSNEESQKVYKEMVKQNRLDQNAAKEDREKAEKAQQETKAQVASLTSQLQQLSQQINDMQTNRNGNRNLDAGSSRKTINEQAPAAPYQLNANAPINGVNPNYASITPTRNSPMRTITQSSIKTNGTDGVIQVMPVSENRIKEGREVIAGDKAPTRTVRGDGTAPVDSKARHAARKDEMFLPATSIITGVLITGLEAPTSLSSKSEPMPVTMRIKKDVIMPNNFTMDLRDCNLLGSAVGDLASQRAYIRATSISCVNSKGKAFDVKLEAYAVSENDGKNGIRGTLISRNGNAIAGAAFAGGLSSLAGSLSPSKVSSLNIDPNSQAQYQSPNFGALGALAGAGAAQGGLNRLVDYYTAIAEQQWPIVEISPGRAITFVVQTGTTIPTNLTSR	None
Plastoquinone	CC1=C(C(=O)C(=CC1=O)CC=C(C)CCC=C(C)CCC=C(C)CCC=C(C)CCC=C(C)CCC=C(C)CCC=C(C)CCC=C(C)CCC=C(C)C)C	MQVNNLGFIASILFVLVPTVFLLILFIQTGKQSES	0.1138
Plastoquinone	CC1=C(C(=O)C(=CC1=O)CC=C(C)CCC=C(C)CCC=C(C)CCC=C(C)CCC=C(C)CCC=C(C)CCC=C(C)CCC=C(C)CCC=C(C)C)C	MDIKKAWENKTVRLSVIGALLVVIVYIISQSIFSTPVKKEKKTQKKDMQTNLLLDDSQMNKLSNEESQKVYKEMVKQNRLDQNAAKEDREKAEKAQQETKAQVASLTSQLQQLSQQINDMQTNRNGNRNLDAGSSRKTINEQAPAAPYQLNANAPINGVNPNYASITPTRNSPMRTITQSSIKTNGTDGVIQVMPVSENRIKEGREVIAGDKAPTRTVRGDGTAPVDSKARHAARKDEMFLPATSIITGVLITGLEAPTSLSSKSEPMPVTMRIKKDVIMPNNFTMDLRDCNLLGSAVGDLASQRAYIRATSISCVNSKGKAFDVKLEAYAVSENDGKNGIRGTLISRNGNAIAGAAFAGGLSSLAGSLSPSKVSSLNIDPNSQAQYQSPNFGALGALAGAGAAQGGLNRLVDYYTAIAEQQWPIVEISPGRAITFVVQTGTTIPTNLTSR	8.1580
Internal bound semiquinone radical of the Photosystem II	None	MQVNNLGFIASILFVLVPTVFLLILFIQTGKQSES	None
Internal bound semiquinone radical of the Photosystem II	None	MDIKKAWENKTVRLSVIGALLVVIVYIISQSIFSTPVKKEKKTQKKDMQTNLLLDDSQMNKLSNEESQKVYKEMVKQNRLDQNAAKEDREKAEKAQQETKAQVASLTSQLQQLSQQINDMQTNRNGNRNLDAGSSRKTINEQAPAAPYQLNANAPINGVNPNYASITPTRNSPMRTITQSSIKTNGTDGVIQVMPVSENRIKEGREVIAGDKAPTRTVRGDGTAPVDSKARHAARKDEMFLPATSIITGVLITGLEAPTSLSSKSEPMPVTMRIKKDVIMPNNFTMDLRDCNLLGSAVGDLASQRAYIRATSISCVNSKGKAFDVKLEAYAVSENDGKNGIRGTLISRNGNAIAGAAFAGGLSSLAGSLSPSKVSSLNIDPNSQAQYQSPNFGALGALAGAGAAQGGLNRLVDYYTAIAEQQWPIVEISPGRAITFVVQTGTTIPTNLTSR	None
Semiplastoquinone radical loosely bound to the Photosystem II	None	MQVNNLGFIASILFVLVPTVFLLILFIQTGKQSES	None
Semiplastoquinone radical loosely bound to the Photosystem II	None	MDIKKAWENKTVRLSVIGALLVVIVYIISQSIFSTPVKKEKKTQKKDMQTNLLLDDSQMNKLSNEESQKVYKEMVKQNRLDQNAAKEDREKAEKAQQETKAQVASLTSQLQQLSQQINDMQTNRNGNRNLDAGSSRKTINEQAPAAPYQLNANAPINGVNPNYASITPTRNSPMRTITQSSIKTNGTDGVIQVMPVSENRIKEGREVIAGDKAPTRTVRGDGTAPVDSKARHAARKDEMFLPATSIITGVLITGLEAPTSLSSKSEPMPVTMRIKKDVIMPNNFTMDLRDCNLLGSAVGDLASQRAYIRATSISCVNSKGKAFDVKLEAYAVSENDGKNGIRGTLISRNGNAIAGAAFAGGLSSLAGSLSPSKVSSLNIDPNSQAQYQSPNFGALGALAGAGAAQGGLNRLVDYYTAIAEQQWPIVEISPGRAITFVVQTGTTIPTNLTSR	None
Internal bound semiquinone radical of the Photosystem II	None	MQVNNLGFIASILFVLVPTVFLLILFIQTGKQSES	None
Internal bound semiquinone radical of the Photosystem II	None	MDIKKAWENKTVRLSVIGALLVVIVYIISQSIFSTPVKKEKKTQKKDMQTNLLLDDSQMNKLSNEESQKVYKEMVKQNRLDQNAAKEDREKAEKAQQETKAQVASLTSQLQQLSQQINDMQTNRNGNRNLDAGSSRKTINEQAPAAPYQLNANAPINGVNPNYASITPTRNSPMRTITQSSIKTNGTDGVIQVMPVSENRIKEGREVIAGDKAPTRTVRGDGTAPVDSKARHAARKDEMFLPATSIITGVLITGLEAPTSLSSKSEPMPVTMRIKKDVIMPNNFTMDLRDCNLLGSAVGDLASQRAYIRATSISCVNSKGKAFDVKLEAYAVSENDGKNGIRGTLISRNGNAIAGAAFAGGLSSLAGSLSPSKVSSLNIDPNSQAQYQSPNFGALGALAGAGAAQGGLNRLVDYYTAIAEQQWPIVEISPGRAITFVVQTGTTIPTNLTSR	None
Positive charged reaction centre of the Photosystem II	None	MQVNNLGFIASILFVLVPTVFLLILFIQTGKQSES	None
Positive charged reaction centre of the Photosystem II	None	MDIKKAWENKTVRLSVIGALLVVIVYIISQSIFSTPVKKEKKTQKKDMQTNLLLDDSQMNKLSNEESQKVYKEMVKQNRLDQNAAKEDREKAEKAQQETKAQVASLTSQLQQLSQQINDMQTNRNGNRNLDAGSSRKTINEQAPAAPYQLNANAPINGVNPNYASITPTRNSPMRTITQSSIKTNGTDGVIQVMPVSENRIKEGREVIAGDKAPTRTVRGDGTAPVDSKARHAARKDEMFLPATSIITGVLITGLEAPTSLSSKSEPMPVTMRIKKDVIMPNNFTMDLRDCNLLGSAVGDLASQRAYIRATSISCVNSKGKAFDVKLEAYAVSENDGKNGIRGTLISRNGNAIAGAAFAGGLSSLAGSLSPSKVSSLNIDPNSQAQYQSPNFGALGALAGAGAAQGGLNRLVDYYTAIAEQQWPIVEISPGRAITFVVQTGTTIPTNLTSR	None
Second oxidation state of the cluster of manganese atoms in the Photosystem II	None	MQVNNLGFIASILFVLVPTVFLLILFIQTGKQSES	None
Second oxidation state of the cluster of manganese atoms in the Photosystem II	None	MDIKKAWENKTVRLSVIGALLVVIVYIISQSIFSTPVKKEKKTQKKDMQTNLLLDDSQMNKLSNEESQKVYKEMVKQNRLDQNAAKEDREKAEKAQQETKAQVASLTSQLQQLSQQINDMQTNRNGNRNLDAGSSRKTINEQAPAAPYQLNANAPINGVNPNYASITPTRNSPMRTITQSSIKTNGTDGVIQVMPVSENRIKEGREVIAGDKAPTRTVRGDGTAPVDSKARHAARKDEMFLPATSIITGVLITGLEAPTSLSSKSEPMPVTMRIKKDVIMPNNFTMDLRDCNLLGSAVGDLASQRAYIRATSISCVNSKGKAFDVKLEAYAVSENDGKNGIRGTLISRNGNAIAGAAFAGGLSSLAGSLSPSKVSSLNIDPNSQAQYQSPNFGALGALAGAGAAQGGLNRLVDYYTAIAEQQWPIVEISPGRAITFVVQTGTTIPTNLTSR	None
Positive charged reaction centre of the Photosystem II	None	MQVNNLGFIASILFVLVPTVFLLILFIQTGKQSES	None
Positive charged reaction centre of the Photosystem II	None	MDIKKAWENKTVRLSVIGALLVVIVYIISQSIFSTPVKKEKKTQKKDMQTNLLLDDSQMNKLSNEESQKVYKEMVKQNRLDQNAAKEDREKAEKAQQETKAQVASLTSQLQQLSQQINDMQTNRNGNRNLDAGSSRKTINEQAPAAPYQLNANAPINGVNPNYASITPTRNSPMRTITQSSIKTNGTDGVIQVMPVSENRIKEGREVIAGDKAPTRTVRGDGTAPVDSKARHAARKDEMFLPATSIITGVLITGLEAPTSLSSKSEPMPVTMRIKKDVIMPNNFTMDLRDCNLLGSAVGDLASQRAYIRATSISCVNSKGKAFDVKLEAYAVSENDGKNGIRGTLISRNGNAIAGAAFAGGLSSLAGSLSPSKVSSLNIDPNSQAQYQSPNFGALGALAGAGAAQGGLNRLVDYYTAIAEQQWPIVEISPGRAITFVVQTGTTIPTNLTSR	None
Third oxidation state of the cluster of manganese atoms in the Photosystem II	None	MQVNNLGFIASILFVLVPTVFLLILFIQTGKQSES	None
Third oxidation state of the cluster of manganese atoms in the Photosystem II	None	MDIKKAWENKTVRLSVIGALLVVIVYIISQSIFSTPVKKEKKTQKKDMQTNLLLDDSQMNKLSNEESQKVYKEMVKQNRLDQNAAKEDREKAEKAQQETKAQVASLTSQLQQLSQQINDMQTNRNGNRNLDAGSSRKTINEQAPAAPYQLNANAPINGVNPNYASITPTRNSPMRTITQSSIKTNGTDGVIQVMPVSENRIKEGREVIAGDKAPTRTVRGDGTAPVDSKARHAARKDEMFLPATSIITGVLITGLEAPTSLSSKSEPMPVTMRIKKDVIMPNNFTMDLRDCNLLGSAVGDLASQRAYIRATSISCVNSKGKAFDVKLEAYAVSENDGKNGIRGTLISRNGNAIAGAAFAGGLSSLAGSLSPSKVSSLNIDPNSQAQYQSPNFGALGALAGAGAAQGGLNRLVDYYTAIAEQQWPIVEISPGRAITFVVQTGTTIPTNLTSR	None
H2O H2O	None	MQVNNLGFIASILFVLVPTVFLLILFIQTGKQSES	None
H2O H2O	None	MDIKKAWENKTVRLSVIGALLVVIVYIISQSIFSTPVKKEKKTQKKDMQTNLLLDDSQMNKLSNEESQKVYKEMVKQNRLDQNAAKEDREKAEKAQQETKAQVASLTSQLQQLSQQINDMQTNRNGNRNLDAGSSRKTINEQAPAAPYQLNANAPINGVNPNYASITPTRNSPMRTITQSSIKTNGTDGVIQVMPVSENRIKEGREVIAGDKAPTRTVRGDGTAPVDSKARHAARKDEMFLPATSIITGVLITGLEAPTSLSSKSEPMPVTMRIKKDVIMPNNFTMDLRDCNLLGSAVGDLASQRAYIRATSISCVNSKGKAFDVKLEAYAVSENDGKNGIRGTLISRNGNAIAGAAFAGGLSSLAGSLSPSKVSSLNIDPNSQAQYQSPNFGALGALAGAGAAQGGLNRLVDYYTAIAEQQWPIVEISPGRAITFVVQTGTTIPTNLTSR	None
Fourth oxidation state of the cluster of manganese atoms in the Photosystem II	None	MQVNNLGFIASILFVLVPTVFLLILFIQTGKQSES	None
Fourth oxidation state of the cluster of manganese atoms in the Photosystem II	None	MDIKKAWENKTVRLSVIGALLVVIVYIISQSIFSTPVKKEKKTQKKDMQTNLLLDDSQMNKLSNEESQKVYKEMVKQNRLDQNAAKEDREKAEKAQQETKAQVASLTSQLQQLSQQINDMQTNRNGNRNLDAGSSRKTINEQAPAAPYQLNANAPINGVNPNYASITPTRNSPMRTITQSSIKTNGTDGVIQVMPVSENRIKEGREVIAGDKAPTRTVRGDGTAPVDSKARHAARKDEMFLPATSIITGVLITGLEAPTSLSSKSEPMPVTMRIKKDVIMPNNFTMDLRDCNLLGSAVGDLASQRAYIRATSISCVNSKGKAFDVKLEAYAVSENDGKNGIRGTLISRNGNAIAGAAFAGGLSSLAGSLSPSKVSSLNIDPNSQAQYQSPNFGALGALAGAGAAQGGLNRLVDYYTAIAEQQWPIVEISPGRAITFVVQTGTTIPTNLTSR	None
Positive charged reaction centre of the Photosystem II	None	MQVNNLGFIASILFVLVPTVFLLILFIQTGKQSES	None
Positive charged reaction centre of the Photosystem II	None	MDIKKAWENKTVRLSVIGALLVVIVYIISQSIFSTPVKKEKKTQKKDMQTNLLLDDSQMNKLSNEESQKVYKEMVKQNRLDQNAAKEDREKAEKAQQETKAQVASLTSQLQQLSQQINDMQTNRNGNRNLDAGSSRKTINEQAPAAPYQLNANAPINGVNPNYASITPTRNSPMRTITQSSIKTNGTDGVIQVMPVSENRIKEGREVIAGDKAPTRTVRGDGTAPVDSKARHAARKDEMFLPATSIITGVLITGLEAPTSLSSKSEPMPVTMRIKKDVIMPNNFTMDLRDCNLLGSAVGDLASQRAYIRATSISCVNSKGKAFDVKLEAYAVSENDGKNGIRGTLISRNGNAIAGAAFAGGLSSLAGSLSPSKVSSLNIDPNSQAQYQSPNFGALGALAGAGAAQGGLNRLVDYYTAIAEQQWPIVEISPGRAITFVVQTGTTIPTNLTSR	None
First oxidation state of the cluster of manganese atoms in the Photosystem II	None	MQVNNLGFIASILFVLVPTVFLLILFIQTGKQSES	None
First oxidation state of the cluster of manganese atoms in the Photosystem II	None	MDIKKAWENKTVRLSVIGALLVVIVYIISQSIFSTPVKKEKKTQKKDMQTNLLLDDSQMNKLSNEESQKVYKEMVKQNRLDQNAAKEDREKAEKAQQETKAQVASLTSQLQQLSQQINDMQTNRNGNRNLDAGSSRKTINEQAPAAPYQLNANAPINGVNPNYASITPTRNSPMRTITQSSIKTNGTDGVIQVMPVSENRIKEGREVIAGDKAPTRTVRGDGTAPVDSKARHAARKDEMFLPATSIITGVLITGLEAPTSLSSKSEPMPVTMRIKKDVIMPNNFTMDLRDCNLLGSAVGDLASQRAYIRATSISCVNSKGKAFDVKLEAYAVSENDGKNGIRGTLISRNGNAIAGAAFAGGLSSLAGSLSPSKVSSLNIDPNSQAQYQSPNFGALGALAGAGAAQGGLNRLVDYYTAIAEQQWPIVEISPGRAITFVVQTGTTIPTNLTSR	None
Positive charged reaction centre of the Photosystem II	None	MQVNNLGFIASILFVLVPTVFLLILFIQTGKQSES	None
Positive charged reaction centre of the Photosystem II	None	MDIKKAWENKTVRLSVIGALLVVIVYIISQSIFSTPVKKEKKTQKKDMQTNLLLDDSQMNKLSNEESQKVYKEMVKQNRLDQNAAKEDREKAEKAQQETKAQVASLTSQLQQLSQQINDMQTNRNGNRNLDAGSSRKTINEQAPAAPYQLNANAPINGVNPNYASITPTRNSPMRTITQSSIKTNGTDGVIQVMPVSENRIKEGREVIAGDKAPTRTVRGDGTAPVDSKARHAARKDEMFLPATSIITGVLITGLEAPTSLSSKSEPMPVTMRIKKDVIMPNNFTMDLRDCNLLGSAVGDLASQRAYIRATSISCVNSKGKAFDVKLEAYAVSENDGKNGIRGTLISRNGNAIAGAAFAGGLSSLAGSLSPSKVSSLNIDPNSQAQYQSPNFGALGALAGAGAAQGGLNRLVDYYTAIAEQQWPIVEISPGRAITFVVQTGTTIPTNLTSR	None
Starting state of a cluster of probably four manganese atoms	None	MQVNNLGFIASILFVLVPTVFLLILFIQTGKQSES	None
Starting state of a cluster of probably four manganese atoms	None	MDIKKAWENKTVRLSVIGALLVVIVYIISQSIFSTPVKKEKKTQKKDMQTNLLLDDSQMNKLSNEESQKVYKEMVKQNRLDQNAAKEDREKAEKAQQETKAQVASLTSQLQQLSQQINDMQTNRNGNRNLDAGSSRKTINEQAPAAPYQLNANAPINGVNPNYASITPTRNSPMRTITQSSIKTNGTDGVIQVMPVSENRIKEGREVIAGDKAPTRTVRGDGTAPVDSKARHAARKDEMFLPATSIITGVLITGLEAPTSLSSKSEPMPVTMRIKKDVIMPNNFTMDLRDCNLLGSAVGDLASQRAYIRATSISCVNSKGKAFDVKLEAYAVSENDGKNGIRGTLISRNGNAIAGAAFAGGLSSLAGSLSPSKVSSLNIDPNSQAQYQSPNFGALGALAGAGAAQGGLNRLVDYYTAIAEQQWPIVEISPGRAITFVVQTGTTIPTNLTSR	None
Arsenite	None	MTENMIVIYHNPDCGTSRNVLQLIEAAGYLPQVIEYVKEGWTKPQLLGLFAAADLTPRSALRTTKSPAAELNLLEETVTDAQILDAMVEYPILVNRPIVCTPKGVRLCRPSEVVLDLLDHWPSGPFAKEDGELIIDERGNRVYT	None
Glutaredoxin disulfide	None	MTENMIVIYHNPDCGTSRNVLQLIEAAGYLPQVIEYVKEGWTKPQLLGLFAAADLTPRSALRTTKSPAAELNLLEETVTDAQILDAMVEYPILVNRPIVCTPKGVRLCRPSEVVLDLLDHWPSGPFAKEDGELIIDERGNRVYT	None
(R)-3-Hydroxybutanoyl-[acyl-carrier protein]	None	MILVSLYPFRVDRSNSIHTTLTIVKKLDGKVAVVTGASKGIGAEIAKHLAGEGAAVVVNYASSKEGADRVVDEIVSTGGKAIAVQANVAKKAEIQQLFAETKQAFGKLDILVNNAGIYEFSPLEGITEEHFYKQFDLNVLGLLLTSQQAVKSFGEEGGSIINISSIVSTLTPANSLVYNATKAAVDAITKSLAKELGSRNIRVNSINPGMVETEGARTAGITESEGRRQVEAITPLGRIGQPHDIAPAVVFLASSDSAWITGETLYITGGLY	None
3-Oxohexanoyl-[acyl-carrier protein]	None	MILVSLYPFRVDRSNSIHTTLTIVKKLDGKVAVVTGASKGIGAEIAKHLAGEGAAVVVNYASSKEGADRVVDEIVSTGGKAIAVQANVAKKAEIQQLFAETKQAFGKLDILVNNAGIYEFSPLEGITEEHFYKQFDLNVLGLLLTSQQAVKSFGEEGGSIINISSIVSTLTPANSLVYNATKAAVDAITKSLAKELGSRNIRVNSINPGMVETEGARTAGITESEGRRQVEAITPLGRIGQPHDIAPAVVFLASSDSAWITGETLYITGGLY	None
3-Oxooctanoyl-[acyl-carrier protein]	None	MILVSLYPFRVDRSNSIHTTLTIVKKLDGKVAVVTGASKGIGAEIAKHLAGEGAAVVVNYASSKEGADRVVDEIVSTGGKAIAVQANVAKKAEIQQLFAETKQAFGKLDILVNNAGIYEFSPLEGITEEHFYKQFDLNVLGLLLTSQQAVKSFGEEGGSIINISSIVSTLTPANSLVYNATKAAVDAITKSLAKELGSRNIRVNSINPGMVETEGARTAGITESEGRRQVEAITPLGRIGQPHDIAPAVVFLASSDSAWITGETLYITGGLY	None
3-Oxodecanoyl-[acyl-carrier protein]	None	MILVSLYPFRVDRSNSIHTTLTIVKKLDGKVAVVTGASKGIGAEIAKHLAGEGAAVVVNYASSKEGADRVVDEIVSTGGKAIAVQANVAKKAEIQQLFAETKQAFGKLDILVNNAGIYEFSPLEGITEEHFYKQFDLNVLGLLLTSQQAVKSFGEEGGSIINISSIVSTLTPANSLVYNATKAAVDAITKSLAKELGSRNIRVNSINPGMVETEGARTAGITESEGRRQVEAITPLGRIGQPHDIAPAVVFLASSDSAWITGETLYITGGLY	None
3-Oxododecanoyl-[acyl-carrier protein]	None	MILVSLYPFRVDRSNSIHTTLTIVKKLDGKVAVVTGASKGIGAEIAKHLAGEGAAVVVNYASSKEGADRVVDEIVSTGGKAIAVQANVAKKAEIQQLFAETKQAFGKLDILVNNAGIYEFSPLEGITEEHFYKQFDLNVLGLLLTSQQAVKSFGEEGGSIINISSIVSTLTPANSLVYNATKAAVDAITKSLAKELGSRNIRVNSINPGMVETEGARTAGITESEGRRQVEAITPLGRIGQPHDIAPAVVFLASSDSAWITGETLYITGGLY	None
3-Oxotetradecanoyl-[acyl-carrier protein]	None	MILVSLYPFRVDRSNSIHTTLTIVKKLDGKVAVVTGASKGIGAEIAKHLAGEGAAVVVNYASSKEGADRVVDEIVSTGGKAIAVQANVAKKAEIQQLFAETKQAFGKLDILVNNAGIYEFSPLEGITEEHFYKQFDLNVLGLLLTSQQAVKSFGEEGGSIINISSIVSTLTPANSLVYNATKAAVDAITKSLAKELGSRNIRVNSINPGMVETEGARTAGITESEGRRQVEAITPLGRIGQPHDIAPAVVFLASSDSAWITGETLYITGGLY	None
3-Oxohexadecanoyl-[acyl-carrier protein]	None	MILVSLYPFRVDRSNSIHTTLTIVKKLDGKVAVVTGASKGIGAEIAKHLAGEGAAVVVNYASSKEGADRVVDEIVSTGGKAIAVQANVAKKAEIQQLFAETKQAFGKLDILVNNAGIYEFSPLEGITEEHFYKQFDLNVLGLLLTSQQAVKSFGEEGGSIINISSIVSTLTPANSLVYNATKAAVDAITKSLAKELGSRNIRVNSINPGMVETEGARTAGITESEGRRQVEAITPLGRIGQPHDIAPAVVFLASSDSAWITGETLYITGGLY	None
3-Oxooctadecanoyl-[acyl-carrier protein]	None	MILVSLYPFRVDRSNSIHTTLTIVKKLDGKVAVVTGASKGIGAEIAKHLAGEGAAVVVNYASSKEGADRVVDEIVSTGGKAIAVQANVAKKAEIQQLFAETKQAFGKLDILVNNAGIYEFSPLEGITEEHFYKQFDLNVLGLLLTSQQAVKSFGEEGGSIINISSIVSTLTPANSLVYNATKAAVDAITKSLAKELGSRNIRVNSINPGMVETEGARTAGITESEGRRQVEAITPLGRIGQPHDIAPAVVFLASSDSAWITGETLYITGGLY	None
Acetoacetyl-ACP	None	MILVSLYPFRVDRSNSIHTTLTIVKKLDGKVAVVTGASKGIGAEIAKHLAGEGAAVVVNYASSKEGADRVVDEIVSTGGKAIAVQANVAKKAEIQQLFAETKQAFGKLDILVNNAGIYEFSPLEGITEEHFYKQFDLNVLGLLLTSQQAVKSFGEEGGSIINISSIVSTLTPANSLVYNATKAAVDAITKSLAKELGSRNIRVNSINPGMVETEGARTAGITESEGRRQVEAITPLGRIGQPHDIAPAVVFLASSDSAWITGETLYITGGLY	None
(R)-3-Hydroxyhexanoyl-[acyl-carrier protein]	None	MILVSLYPFRVDRSNSIHTTLTIVKKLDGKVAVVTGASKGIGAEIAKHLAGEGAAVVVNYASSKEGADRVVDEIVSTGGKAIAVQANVAKKAEIQQLFAETKQAFGKLDILVNNAGIYEFSPLEGITEEHFYKQFDLNVLGLLLTSQQAVKSFGEEGGSIINISSIVSTLTPANSLVYNATKAAVDAITKSLAKELGSRNIRVNSINPGMVETEGARTAGITESEGRRQVEAITPLGRIGQPHDIAPAVVFLASSDSAWITGETLYITGGLY	None
(R)-3-Hydroxyoctanoyl-[acyl-carrier protein]	None	MILVSLYPFRVDRSNSIHTTLTIVKKLDGKVAVVTGASKGIGAEIAKHLAGEGAAVVVNYASSKEGADRVVDEIVSTGGKAIAVQANVAKKAEIQQLFAETKQAFGKLDILVNNAGIYEFSPLEGITEEHFYKQFDLNVLGLLLTSQQAVKSFGEEGGSIINISSIVSTLTPANSLVYNATKAAVDAITKSLAKELGSRNIRVNSINPGMVETEGARTAGITESEGRRQVEAITPLGRIGQPHDIAPAVVFLASSDSAWITGETLYITGGLY	None
(R)-3-Hydroxydecanoyl-[acyl-carrier protein]	None	MILVSLYPFRVDRSNSIHTTLTIVKKLDGKVAVVTGASKGIGAEIAKHLAGEGAAVVVNYASSKEGADRVVDEIVSTGGKAIAVQANVAKKAEIQQLFAETKQAFGKLDILVNNAGIYEFSPLEGITEEHFYKQFDLNVLGLLLTSQQAVKSFGEEGGSIINISSIVSTLTPANSLVYNATKAAVDAITKSLAKELGSRNIRVNSINPGMVETEGARTAGITESEGRRQVEAITPLGRIGQPHDIAPAVVFLASSDSAWITGETLYITGGLY	None
(R)-3-Hydroxydodecanoyl-[acyl-carrier protein]	None	MILVSLYPFRVDRSNSIHTTLTIVKKLDGKVAVVTGASKGIGAEIAKHLAGEGAAVVVNYASSKEGADRVVDEIVSTGGKAIAVQANVAKKAEIQQLFAETKQAFGKLDILVNNAGIYEFSPLEGITEEHFYKQFDLNVLGLLLTSQQAVKSFGEEGGSIINISSIVSTLTPANSLVYNATKAAVDAITKSLAKELGSRNIRVNSINPGMVETEGARTAGITESEGRRQVEAITPLGRIGQPHDIAPAVVFLASSDSAWITGETLYITGGLY	None
R-3-hydroxypalmitoyl-[acyl-carrier protein]	None	MILVSLYPFRVDRSNSIHTTLTIVKKLDGKVAVVTGASKGIGAEIAKHLAGEGAAVVVNYASSKEGADRVVDEIVSTGGKAIAVQANVAKKAEIQQLFAETKQAFGKLDILVNNAGIYEFSPLEGITEEHFYKQFDLNVLGLLLTSQQAVKSFGEEGGSIINISSIVSTLTPANSLVYNATKAAVDAITKSLAKELGSRNIRVNSINPGMVETEGARTAGITESEGRRQVEAITPLGRIGQPHDIAPAVVFLASSDSAWITGETLYITGGLY	None
