geneid,pro,aaseq,mass,subunitmass
YPO3371,Q0WBS5,,18.0153,18.0153
YPO3372,Q0WBS4,,18.0153,18.0153
YPO0241,Q0WK66,,18.0153,18.0153
YPO2889,Q0WD15,,18.0153,18.0153
YPO3441,Q0WBK6,,18.0153,18.0153
YPO1222,Q0WHI4,,18.0153,18.0153
YPO0474,Q7CG79,,18.0153,18.0153
YPO3715,Q0WAU2,,18.0153,18.0153
YPO3712,Q0WAU5,,18.0153,18.0153
YPO3714,Q7CLD8,,18.0153,18.0153
YPO3716,Q0WAU1,,18.0153,18.0153
YPO3711,Q0WAU6,,18.0153,18.0153
YPO3530,Q7CKK9,,18.0153,18.0153
YPO2372,Q0WEF0,MKSGRFIGVMSGTSLDGVDVVLAAIDERMVAQQASYTHPIPLQLKKDILGMCQGQSTTLSAVGKLDAQLGILFAEAVLALLAKEGLSAQDITAIGCHGQTVWHEPLGEPAFTMQLGDNNRIAAMTQIATVGDFRRRDMAYGGQGAPLVPAFHHALLAHATEKRMVLNIGGIANLSVLLPDSPIRGFDTGPGNMLMDAWIWRNCSLPYDKDACWALSGHVNQPLLEQMFNDPYFRLPAPKSTGREYFNAAWLDKQLARIPGVTAEDIQATLAELTAVSITEQVRLAGGCDRLLVCGGGARNPLVMARISALLSGTEVCTTDDAGIRGDDMEALAFAWLAFRTLSGKPGNLPSVTGASRETILGAVHPVSSW,39491.968400000056,39491.968400000056
YPO2206,Q0WEW1,,18.0153,18.0153
YPO2208,Q7CIM3,,18.0153,18.0153
YPO3623,Q7CL44,,18.0153,18.0153
YPO1384,Q7CHJ2,,18.0153,18.0153
YPO0792,Q7CGZ2,MSQDVLADKPLLSRSMVAVLCAQFFSAFGDNALLFATLALIKQQLYPDWSQPILQMAFVATYIVLAPFVGQIADGFAKGRVMMVANGLKLAGALVICFGLNPFLGYSLVGVGAAAYSPAKYGILGEITSGEQLVKANGMMEASTIAAILLGSVAGGILADWHLMAALGVCALVYAIAVIANLFIPRLAAARSGASWRPRAMTGSFFTACRLLWQDSETRFSLAGTSLFWGAGVTLRFLLVLWVPVALGIADNATPTLLNAMVAIGIVVGAGAAARFVTLKTVKRCLPAGVLIGVMVTIFSLQNSMPMAYLLLIIIGILGGFFVVPLNALLQERGKHSVGAGNAIAVQNLGENTAMLFMLGLYSLVVKLGAPVVAVGVGFGVVFALAIALLWGWQWRQQRQKTRQPE,42840.58050000002,42840.58050000002
YPO0793,Q0WIP0,,18.0153,18.0153
YPO0357,Q0WJV3,,18.0153,18.0153
YPO0359,Q7CKM7,,18.0153,18.0153
YPO0360,Q7CKM6,,18.0153,18.0153
YPO0358,Q0WJV2,,18.0153,18.0153
YPO1299,Q7CHE9,,18.0153,18.0153
YPO1152,Q7CH66,MSWQDKIAQGLQRRRDAAAYRTRQVNEGANGRWLQSGERQYLNFSSNDYLGLSQNDEVIAAWQQGARRYGVGSGGSGHVTGYSQPHARLEQQLADWLGYPRALLFISGYAANQAVLTALTDADDRILADKLSHASLLEAAAHSPAQLRRFQHNQPEALQNLLIKPCQGQTLVVTEGVFSMDGDSAPLAALQQQTSAAGGWLLVDDAHGIGVHGEGGRGSCWLQGVQPELLVVTFGKAFGLSGAAVLCQEPVAEYLLQYARHLIYSTAMPPAQACALQAALRQVQQGDALRQQLQQRIRQFRTAAAHLPLQLGASKTAIQPLLVGDNQQSLIWAEQLRAAGLWVTAIRPPTVPPGSARLRITLSAAHQPEDIDRLLEVLYGLCH,41595.516600000046,83191.03320000009
YPO1300,Q7CHF0,,18.0153,36.0306
YPO1298,Q7CHE8,,18.0153,36.0306
YPO0767,Q7CGL9,,18.0153,36.0306
YPO0490,Q0WJH5,,18.0153,36.0306
YPO3335,Q7CKB5,,18.0153,36.0306
YPO3183,Q7CK43,,18.0153,36.0306
YPO4119,Q0W9R8,,18.0153,36.0306
YPO2253,Q0WER8,,18.0153,36.0306
YPO2255,Q7CIK2,,18.0153,36.0306
YPO2257,Q0WER4,,18.0153,36.0306
YPO2256,Q0WER5,MSAPHSALQAELDAAQSPYLAFRGIGKSFPGVLALDDISFTCQAGQIHALMGENGAGKSTLLKILSGNYTPTQGEIHIKGKAVNFTNTTDALDAGVAIIYQELHLVPEMTVAENIYLGQLPTKMGMVDRKLLRYESRIQLSHLGLDIDPDTPLKYLSIGQWQMVEIAKALARNAKIIAFDEPTSSLSAREIEQLFRVIRELRAEGRVILYVSHRMEEIFALSDAITVFKDGRYVRTFDDMTQVNNASLVQAMVGRNLGDIYGYQPREIGSERLTLQAVKAIGVASPISLTVHQGEIVGLFGLVGAGRSELLKGLFGDTKLTSGKLLLDGQPLTIRSPIDAISAGIMLCPEDRKADGIIPVHSVQDNINISARRKTLTAGCLINNRWEADNALLRIQSLNIKTPGPQQLIMNLSGGNQQKAILGRWLSEDMKVILLDEPTRGIDVGAKHEIYNVIYQLAKQGIAVLFASSDLPEVLGLADRIVVMREGAISGELDHEYATEEQALSLAMLRTPNIATNTASAVA,56872.81520000001,56872.81520000001
YPO4078,Q0W9V5,MKPSIVLYKSIPTDLHQRLAQHFTVNSFDGLTPDNQPELLAALQQAEGLIGSGGKIDQDFLQLAPNLRAASTISVGYDNFDVEALSQRGIALMHTPTVLTETVADTMMALMLSTARRVVELAERVKAGEWQESIGDDWFGVDVHHKTIGILGMGRIGMALAQRAHFGFSMPVLYTSRRPHEAAEQRFGARHCSLDTLLAEADFLCITLPMTEQTYHMIGREQLAKMKSSAILINAGRGPVVDEQALIAALQDGTIHAAGLDVFEQEPLPVDSPLLTLRNVVAVPHIGSATHETRYNMAACAVDNLINALTGTVKENCVNPQVLITH,35464.25080000001,70928.50160000002
YPO3861,Q0WAE9,,18.0153,36.0306
YPO3389,Q0WBQ7,,18.0153,36.0306
YPO1055,Q0WHZ0,,18.0153,36.0306
YPO0312,Q0WJZ5,,18.0153,36.0306
YPO3794,Q7CKV5,MIENRRGLDIFCHIMLIIGVLLILFPLYVAFVAASLDDSQVFQAPMTLIPGPHLWQNISHIWHAGVGNNSTPFGLMLLNSFVMAFAITVGKITVSILSAYAIVYFRFPLRNLFFWLIFLTLMLPVEVRIFPTIEVIANLNLLDSYTGLTLPLMASATATFLFRQFFMTLPDELLEAARIDGAGAMRFFWDIVLPLSKTNLAALFVITFIYGWNQYLWPILITSDASMGTAVAGIRSMISTSGAPTQWNQVMAAMILTLIPPVVVVLLMQRWFVRGLVDSEK,31471.187000000013,31471.187000000013
YPO1430,Q0WGY6,,18.0153,18.0153
YPO3796,Q7CKV7,MFNNSIHKVSICIALTLTFSANAMAVTEIPFWHSMEGELGKEVDSIADRFNQSQPDYKIVPVYKGNYEQSLAAGIAAFRSGKAPAILQVYEVGTATMMASKAIKPVYQVFKDANIDFDESVFVPTVAGYYTDSKTGRLLSQPFNSSTPVLYYNKEAFKKAGLDPEQPPKTWQELAADTAKLRAAGSSCGYASGWQGWIQIENFSAWHGQPIASRNNGFDGTDAVLEFNKPLQVKHIQLLSDMNKKGDFTYFGRKDESTSKFYNGDCAITTASSGSLASIRHYAKFNFGVGMMPYDADAKNAPQNAIIGGASLWVMDGKDKETYKGVAEFLQYLVKPEIAAEWHQKTGYLPITTAAYELTKQQGFYEQNPGADVATRQMLNKPPLPYTKGLRLGNMPQIRTVVDEELEAVWTAKKTPQAALDNSVKRGDVLLRRFEQANK,48573.41330000004,48573.41330000004
YPO3334,Q7CKB4,,18.0153,18.0153
YPO3795,Q7CKV6,MSPSRPGFSCSWLPYLLVLPQLAITAIFFLWPAGEALWYSVQTLDPFGLSSEFVGLSNFIQLFQDEYYLASFYTTLIFSALVAGIGLIVSLFLAAMVNYVLRGSRLYQTLLILPYAVAPAVAAVLWIFLFDPGLGLITHALAKLGYSWNHAQNSGQAMFLVVLASVWKQISYNFLFFLAALQSIPKSLVEAAAIDGAGPVRRFFNLVLPLISPVSFFLLVVNLVYAFFDTFPVIDAATGGGPVQATTTLIYKIYREGFAGLDLSSSAAQSVILMLLVIGLTVIQFRFVERKVRYQ,32502.88630000002,32502.88630000002
YPO3793,Q74R28,MACLKLQAVTKSYDGVTPVIKQIDLDVADGEFIVMVGPSGCGKSTLLRMVAGLERTTTGDIYIGDQRVTDLEPKDRGIAMVFQNYVLYPHMNVFDNMAYGLKIRGFGKEQIRQRVDEAARILELQPLLKRKPRELSGGQRQRVAMGRAIVREPAVFLFDEPLSNLDAKLRVQMRLELQQLHRRLKTTSLYVTHDQVEAMTLAQRVIVMNKGVAEQIGTPSEVYKRPASLFVASFIGSPAMNLLDGTVSPDGRTFILSDGLTLPLEIPQPQWGGRRLTLGIRPEHIQQTTSAQGVPMNLLTLELLGADNLAHGLWGGQSIIARLSHEEMPVAGSTLHLYLPPAALHFFDTDSGLRIEP,39528.370000000024,39528.370000000024
YPO0068,Q0WKM6,,18.0153,18.0153
YPO3825,Q0WAI5,,18.0153,18.0153
YPO3937,Q0WA80,METKDLACATSSASSKLIHGGLRYLEHYEFRLVSEALAEREVLLKLAPHIAFPMRFRLPHQPHLRPAWMIRTGLFLYDHLGKRTSLPASKGLRFGPESVLKPELVRGFEYSDCWVDDARLVVLNVQEVVKHGGEVRTRTKVTRTWREQGLWMVEALDVNTGKTFTWRAKGLVNATGPWVKQFFDDGLKLKSPYGIRLIKGSHIVVPRVHNQPQAYILQNEDHRIVFVIPWLDDYSIIGTTDVEYHGDPKEVKIDDQEMTYLLKVYNDHFKKQLGRDDIVWTYSGVRPLCDDESDSPQAVTRDYTLDVADEAGQAPLLSVFGGKLTTYRKLAEHALEKLSAYYPNVGPAWTKTGALPGGDIGGSRDSYTVQLRHRYNWLPEGLARRYTRTYGSHSELILANATRLESLGEHFGHGLYEAELRYLVENEWVVELDDAIWRRTKLGMALSDEEKQRVAQWLADAHTEKQQALPLVS,54006.751700000066,54006.751700000066
YPO3824,Q0WAI6,MVGDSRLTRDNSFESCIKCTVCTTYCPVAKVNPLYPGPKQAGPDGERLRLKDPALYDDALKYCTNCKRCEVACPSDVKIGDIIQRAKASHSTNKPKLRDAILSHTDIMGTLSTPFAPVINAVTGLKPVRVLLDKALKIDHRRELPKYSFGTFRRWYRKQAEKQQQYTEQVAFFHGCFVNYNHPQLGKDLVSVFNAMNIGVQLLKREKCCGVPLIVNGFIEQAKKQARVNLESLTDTVIGRDIPVVATSSSCTFTLRDEYPHLLDVDTTPVRDKVELATRYLYRLLDQGRELPLKPLFSLNPLLASQEAPLRIAYHTPCHMEKMGWTAYTLALLQRIPGVELVVLDSQCCGIAGTYGFKSENYATSQGIGASLFQQIEDSGVDLVITDCETCKWQIEMSTSKKCEHPITLLARALA,46397.14710000003,46397.14710000003
YPO3221,Q0WC65,,18.0153,18.0153
YPO2627,Q0WDQ5,,18.0153,18.0153
YPO2776,Q7CJA2,,18.0153,18.0153
YPO2066,Q0WF90,,18.0153,18.0153
YPO1351,Q0WH64,,18.0153,18.0153
YPO1508,Q7CHQ3,MADINTAQPRDWLLEMSNIDKSFPGVKALDNVNLKVRPYSIHALMGENGAGKSTLLKCLFGIYKKDSGSIIFQGQEIEFKSSKEALEQGVSMVHQELNLVLQRTVMDNMWLGRYPTKGFFVDQDKMYKETKAIFDELDIDIDPRDKVATLSVSQMQMIEIAKAFSYNAKIVIMDEPTSSLTEKEVNHLFTIIRKLKARGCGIVYISHKMEEIFQLCDEITILRDGQWITTQPLDGLTMDQIISMMVGRSLSQRFPDRLNKPGEVILEVKNLTSLRQPSIRDVSFDLHKGEILGIAGLVGAKRTDIVETLFGIREKVTGTIKLHGKNINNHSANEAINHGFALVTEERRSTGIYAYLDISFNSLISNIRNYKNKFGLLDNTRMKSDTQWVIDAMRVKTPGHRTNIGSLSGGNQQKVIIGRWLLTQPEILMLDEPTRGIDVGAKFEIYQLMTELAKKDKGIIIISSEMPELLGITDRILVMSNGQVAGIVDTKQTTQNEILRLASLHL,56948.26590000001,56948.26590000001
YPO2777,Q7CJA1,,18.0153,18.0153
YPO1350,Q7CHH4,,18.0153,18.0153
YPO1352,Q74VQ1,,18.0153,18.0153
YPO1349,Q7CHH3,,18.0153,18.0153
YPO1599,Q7CJ23,,18.0153,18.0153
YPO1507,Q0WGR5,MNKKVFTLAALVTSMMVTSMMVGAYAQAETRIGVTIYKYDDNFMSVVRKAIEKDAKASPEITLLMNDSQNDQSKQNDQIDVLLAKGVKALAINLVDPAAAPVVIDKARSNDIPIVFYNKEPSRKALDSYDKAYYVGTDSKESGVIQGELIAKHWQANPEWDLNKDGKIQFVLLKGEPGHPDAEARTTYVIKTLNEKGLPTQQLQLDTAMWDTAQAKDKMDAWLSGPNANKIEVVIANNDAMAMGAVEALKAHNKTSVPVFGVDALPEALALVKSGQMAGTVLNDANNQAKATFDLAKNLAAGKPAAEGTTWKIENKIVRIPYVGVDKDNLAEFTK,36442.273,36442.273
YPO1601,Q7CJ22,,18.0153,18.0153
YPO1509,Q74VB3,,18.0153,18.0153
YPO2775,Q7CJA3,,18.0153,18.0153
YPO1137,Q0WHR1,,18.0153,18.0153
YPO1200,Q0WHK2,,18.0153,18.0153
YPO2757,Q7CJB1,,18.0153,18.0153
YPO0577,Q7CGC6,,18.0153,18.0153
YPO2157,Q7CIH3,,18.0153,18.0153
YPO0461,Q7CG71,,18.0153,18.0153
YPO0929,Q0WIB1,,18.0153,18.0153
YPO2829,Q7CJJ9,,18.0153,18.0153
YPO2306,Q7CII7,,18.0153,18.0153
YPO3380,Q7CKD2,,18.0153,18.0153
YPO2539,Q0WDY8,,18.0153,18.0153
YPO0038,Q7CLB1,,18.0153,18.0153
YPO3384,Q7CKD4,MKVGIIGAMEEEVTLLRDRIENRQTLARAGCEIYTGQLNGIDVALLKSGIGKVAAAMGTTLLLEHCQPDLVINTGSAGGLDSSLKVGDIVVSNEVRYHDADVTAFGYEPGQMAGCPAAFVADEDLIALAENCIQQLKLNAVRGLICSGDAFINGAEPLARIRAAFPTVAAVEMEAAAIGHVCYLFNTPFVVVRAISDVADQASHLSFEEFLVVAAKQSTLMIKAMLTTLAQRG,24609.131199999996,49218.26239999999
YPO3924,Q0WA90,,18.0153,36.0306
YPO4118,Q0W9R9,,18.0153,36.0306
YPO1600,Q0WGH7,,18.0153,36.0306
YPO3942,Q0WA75,,18.0153,36.0306
YPO3857,Q0WAF3,,18.0153,36.0306
YPO4080,Q7CFP2,,18.0153,36.0306
YPO1570,Q0WGK5,,18.0153,36.0306
YPO3954,Q7CFZ3,,18.0153,36.0306
YPO3938,Q0WA79,,18.0153,36.0306
YPO0918,Q0WIC2,,18.0153,36.0306
YPO3939,Q0WA78,,18.0153,36.0306
YPO2844,Q0WD56,,18.0153,36.0306
YPO3941,Q0WA76,,18.0153,36.0306
YPO3940,Q0WA77,,18.0153,36.0306
YPO2046,Q0WFB0,,18.0153,36.0306
YPO2512,Q7CJ67,,18.0153,36.0306
YPO3949,Q9ETB0,MKNVGFIGWRGMVGSVLMQRMIEERDFDGIRPVFFSTSQHGQAAPAFAGHQGTLQDAYDIDALSALDIIITCQGGDYTNQIYPKLREIGWQGYWIDAASSLRMQDDTIIILDPVNHDVIKQGLDKGIKTFAGGNCTVSLMLMSLGGLFANNLVEWASVATYQAASGGGARHMRELLTQMGMLHAGVAKELQDPASAILDIERKVTSTTRSGTLPTDNFGVPLAGSLIPWIDKALDNGQSREEWKGQAETNKILSTSTLIPVDGLCVRVGALRCHSQAFTLKLKKDVPLAEIEQMLATHNDWVRVIPNDRELSMRELTPAAVTGTLNTPVGRLRKLNMGPEYLSAFTVGDQLLWGAAEPLRRMLRILL,40190.77640000002,80381.55280000003
YPO2180,Q74TY8,,18.0153,36.0306
YPO2513,Q7CJ68,,18.0153,36.0306
YPO2514,Q7CJ69,,18.0153,36.0306
YPO1060,Q0WHY5,,18.0153,36.0306
YPO2161,Q7CIH5,,18.0153,36.0306
YPO0024,Q74YC3,,18.0153,36.0306
YPO2623,Q7CJU5,,18.0153,36.0306
YPO2630,Q0WDQ2,,18.0153,36.0306
YPO3658,Q7CL62,,18.0153,36.0306
YPO3659,Q0WAZ3,,18.0153,36.0306
YPO3222,Q0WC64,,18.0153,36.0306
YPO2768,Q0WDC3,MSWIERILNKSNITQTRKASIPEGVWTKCDSCGQVLYRAELERNLEVCPKCDHHMRMSARARLHMLLDAGSEVELGSELEPKDILKFRDSKKYKDRISAAQKDTGEKDALVAMKGTLQGMPIVAASFEFAFMGGSMASVVGARFVRAVEQALEDNCPLVCFSSSGGARMQEALMSLMQMAKTSAALAKMQERGLPYISVLTDPTMGGVSASLAMLGDINIAEPKALIGFAGPRVIEQTVREKLPPGFQRSEFLIEKGAIDMIVRRPVMRQTLASILSKLTHQPQPSVVESKADTVAQPENQADV,33273.30660000002,33273.30660000002
YPO3301,Q0WBZ1,,18.0153,18.0153
YPO3971,Q0WA46,,18.0153,18.0153
YPO1629,Q0WGE8,MYYGFDMGGTKIELGVFDENLQRIWHKRVPTPREDYPQLLQILRDLTEEADTYCGVQGSVGIGIPGLPNADDGTVFTANVPSAMGQPLQADLSRLIQREVRIDNDANCFALSEAWDPEFRTYPTVLGLILGTGVGGGLIVNGSIVSGRNHITGEFGHFRLPVDALDILGADIPRVPCGCGHRGCIENYISGRGFEWMYSHFYQHTLPATDIIAHYAAGEPKAVAHVERFMDVLAVCLGNLLTMLGSPFGRGGWGVV,27878.406599999995,27878.406599999995
YPO1939,Q0WFL0,,18.0153,18.0153
YPO3866,Q0WAE4,,18.0153,18.0153
YPO2772,Q7CJA4,,18.0153,18.0153
YPO3909,Q0WAA4,,18.0153,18.0153
YPO2628,Q7CJU2,,18.0153,18.0153
YPO3558,Q74PS5,,18.0153,18.0153
YPO1608,Q7CJ18,,18.0153,18.0153
YPO0035,Q7CLA8,,18.0153,18.0153
YPO2995,Q7CJF8,,18.0153,18.0153
YPO2016,Q0WFD6,,18.0153,18.0153
YPO2993,Q7CJF6,,18.0153,18.0153
YPO2984,Q0WCT0,,18.0153,18.0153
YPO3925,Q0WA89,,18.0153,18.0153
YPO0091,Q7CLC8,MSQTASSTLKGQCIAEFLGTGLLIFFGAGCVAALKLAGASFGQWEISIIWGLGVAMAIYLTAAISGAHLNPAVTIALWLFACFERRKVLPYIVAQVAGAFCAAALVYGLYYSLFVDFEQTHQMVRGSTESLQLAGIFSTYPNPHISVVQAFLVETVITAILMCLILALTDDGNGIPRGPLAPLLIGILIAVIGASMGPLTGFALNPARDLGPKAFSYLAGWGDIAFTGGRDIPYFLVPIFGPIVGALLGAFGYRALIGRHLPCDVCTLEDEESTTITTERKA,29784.600200000008,29784.600200000008
YPO1022,Q0WI22,,18.0153,18.0153
YPO0059,Q0WKN3,,18.0153,18.0153
YPO2293,Q7CIJ3,,18.0153,18.0153
YPO1198,Q7CH86,,18.0153,18.0153
YPO2294,Q0WEM7,,18.0153,18.0153
YPO1199,Q7CH87,,18.0153,18.0153
YPO3980,Q7CG09,,18.0153,18.0153
YPO1775,Q7CHW4,MLTIGTALRPGATRVMLLGAGELGKEVAIECQRLGLEVIAVDRYADAPAMHVAHRSHVINMLDGAALKQLVAQEKPHYIVPEIEAIATDMLVELEKMGQHVVPCAEATRLTMNREGIRRLAAETLQLPTSSYRFADTDSAFFQAVRDIGYPCIVKPVMSSSGKGQSLIRSEEHLQAAWEYAQQGGRAGSGRVIIEGLVHFDFEITLLTIRAVDGIHFCAPIGHRQEDGDYRESWQPQAMSDIALQRAKEISAQVVTALGGFGLFGVELFVCGDDVIFSEVSPRPHDTGMVTLISQNMSEFALHVRAFLGLPIGTIRQYGAAASAVILPELTSQNITYRGLETALIGDTQIRLFGKPEIAGKRRLGVALAVADNIETAIEVAKKAAGNIEVSGE,42510.34620000002,85020.69240000004
YPO0003,Q0WKT9,,18.0153,36.0306
YPO0906,Q0WID4,,18.0153,36.0306
YPO2566,Q0WDW1,,18.0153,36.0306
YPO0905,Q0WID5,,18.0153,36.0306
YPO1412,Q0WH03,,18.0153,36.0306
YPO0907,Q0WID3,,18.0153,36.0306
YPO3855,Q0WAF5,,18.0153,36.0306
YPO3312,Q7CKA0,,18.0153,36.0306
YPO3347,Q7CKC3,,18.0153,36.0306
YPO4072,Q0W9W0,,18.0153,36.0306
YPO1756,Q7CHV1,MREMVDTTTVDTTTVTKTTTGEKKLTASDIRGVFLRSNLFQGSWNFERMQALGFCFSMVPAIRRLYPENSEERKQAIKRHLEFFNTQPFVAAPILGVTLAMEEQRANGAEIDDAAINGIKVGLMGPLAGVGDPIFWGTVRPVFAALGAGIAMSGSLLGPLLFFVLFNVVRLLTRYYGVAYGYKKGVNIVNDMGGGFLQKLTEGASILGLFVMGALVNKWTHVNIPVVVSRITNPAGETTVTTVQTILDQLMPGLVPLLLTFGCMWLLRRKVNALWIIMGFFAIGIFGYWIGFLAP,32337.67409999999,64675.34819999998
YPO1757,Q0WG32,,18.0153,36.0306
YPO4071,Q0W9W1,,18.0153,36.0306
YPO1758,Q7CHV2,,18.0153,36.0306
YPO3403,Q0WBP3,,18.0153,36.0306
YPO0654,Q0WJ16,,18.0153,36.0306
YPO1074,Q0WHX0,,18.0153,36.0306
YPO2614,Q0WDR8,MAIDWNWGIFLQPAPFGNTTYLGWIWSGFQVTVALSLCAWVIAFFVGSLFGILRTVPNRILSGIGACYVELFRNVPLIVQFLTWYLVVPELLPVNLGTWFKSELAPNIQFFLSSMICLGLFTAARVCEQVRAGIQSLPRGQKAAGLAMGLTLTQTYRYVLLPNAYRVIIPPMTSEMLNLVKNSAIASTIGLVEMAAQAGKLLDYSAHAYESFTAITLGYVLINAVIMLLMRLVEKKVQLPGNLGSK,27115.91350000001,54231.82700000002
YPO3016,Q0WCQ0,,18.0153,36.0306
YPO3428,Q0WBL8,,18.0153,36.0306
YPO3024,Q0WCP4,,18.0153,36.0306
YPO2612,Q7CJV1,MMISLKNVSKWYGQFQVLADCTTEVKKGEVVVVCGPSGSGKSTLIKVVNGLEPIQEGNITVNGIAVNDKGTNLAQLRSKVGMVFQHFELFPHLSIIENLTLAQIKVLKRDKAEALEKGLKLLERVGLSTHVDKYPSQLSGGQQQRVAIARALCMDPIAMLFDEPTSALDPEMINEVLDVMVKLALEGMTMMVVTHEMGFARKVANRVIFMDEGKIVEDSDKDDFFNNPKSDRAKDFLAKILH,26759.951699999998,53519.903399999996
YPO2613,Q7CJV0,,18.0153,36.0306
YPO2870,Q0WD33,,18.0153,36.0306
YPO3244,Q0WC42,,18.0153,36.0306
YPO1597,Q0WGI0,,18.0153,36.0306
YPO1541,Q0WGN1,,18.0153,36.0306
YPO3928,Q0WA87,,18.0153,36.0306
YPO2615,Q7CJU9,,18.0153,36.0306
YPO3953,Q7CFZ2,,18.0153,36.0306
YPO2509,Q0WE15,,18.0153,36.0306
YPO3827,Q0WAI3,,18.0153,36.0306
YPO3588,Q0WB65,,18.0153,36.0306
YPO3589,Q0WB64,,18.0153,36.0306
YPO2383,Q0WED9,,18.0153,36.0306
YPO3719,Q7CLD9,,18.0153,36.0306
YPO2221,Q7CIL5,,18.0153,36.0306
YPO1327,Q7CHG3,,18.0153,36.0306
YPO3415,Q7CKE2,,18.0153,36.0306
YPO0066,Q7CLB8,,18.0153,36.0306
YPO0459,Q0WJK7,,18.0153,36.0306
YPO3095,Q7CK02,,18.0153,36.0306
YPO1962,Q0WFI7,,18.0153,36.0306
YPO3977,Q0WA41,,18.0153,36.0306
YPO3144,Q0WCD9,,18.0153,36.0306
YPO2929,Q0WCX9,,18.0153,36.0306
YPO0116,Q7CL18,,18.0153,36.0306
YPO0935,Q0WIA6,,18.0153,36.0306
YPO2710,Q0WDI1,,18.0153,36.0306
YPO1505,Q0WGR7,,18.0153,36.0306
YPO2222,Q0WEU4,,18.0153,36.0306
YPO0348,Q0WJW2,MSNNIRIEEDLLGTREVPAEAYYGVHTLRAIENFYISNSKISDVPEFVRGMVMVKKAAAMANKELHTIPRKIADIIIQACDEVLDKGKCMDQFPVDVFQGGAGTSLNMNTNEVLANIGLELMGHQKGEYQYLNPNDHLNKCQSTNDAYPTGFRIAVYASILKLIDAINQLGEGFGRKSKEFEKILKMGRTQLQDAVPMTLGQEFRAFQVLLNEETKNLQRTAELLLEVNLGATAIGTALNTPEGYSQLAVQKLAEISGLACVPAEDLIEATSDCGAYVMVHSALKRLAVKMSKICNDLRLLSSGPRTGLNEINLPELQAGSSIMPAKVNPVIPEVVNQVCFKVIGNDTCITMAAEAGQLQLNLMEPVIGQAMFESIHILTNACYNLLEKCINGITANKEVCERYVFNSIGIVTYLNPFIGHHNGDIVGKICAETGKNVREVVLERGLLTEAELDDIFSVENLMHPAYKAKRYTDENEQ,52618.96849999999,105237.93699999998
YPO0253,Q0WK55,,18.0153,36.0306
YPO2837,Q7CJK2,,18.0153,36.0306
YPO0181,Q0WKC3,,18.0153,36.0306
YPO3225,Q0WC61,,18.0153,36.0306
YPO3408,Q0WBN8,MRHTVEVMISEQEVKTRIAELGRQISEHYRDSGSDMVLVGLLRGSFMFMADLCRAIDVSHEVDFMTASSYGNGMSTTRDVKILKDLDEDIRGKDVLIVEDIIDSGNTLSKVREILQLRGPKSLAICTLLDKPERREVHVPVEWVGFTIPDEFVVGYGIDYAQRYRHLPYVGKVVTLDE,20203.945699999993,40407.891399999986
YPO3992,Q0WA26,,18.0153,36.0306
YPO0579,Q0WJ87,,18.0153,36.0306
YPO0251,Q0WK57,,18.0153,36.0306
YPO1435,Q0WGY2,,18.0153,36.0306
YPO1603,Q7CJ20,,18.0153,36.0306
YPO0311,Q7CKP5,MKGSTVHTKWQAYCRLMRIDKPIGSLLLLWPTLWALWLAGRGIPEAKILVVFVLGVFFMRAAGCVVNDYADRHIDGFVKRTASRPLPSGTISEKESKILFVVLILLSFGLVLTLNSMTIWLSLAALALAWIYPFMKRVTHLPQVVLGAAFGWSIPMGFAAVSESLPLVCWLLLLANICWTVAYDTQYAMVDRDDDLRIGVKSTAILFGQHDKLIIGLLQLATLLLMVAIGWLMNLGGAFYWSILLAGALFTHQQKMIAQREREPCFRAFLNNNYVGLVLFLGILISYW,32279.273699999998,64558.547399999996
YPO1773,Q7CHW3,,18.0153,36.0306
YPO0347,Q7CKM9,,18.0153,36.0306
YPO3407,Q0WBN9,,18.0153,36.0306
YPO0254,Q7CKS7,,18.0153,36.0306
YPO1410,Q0WH05,,18.0153,36.0306
YPO0169,Q0WKD3,MLLLIDNYDSFTYNLYQYFCELGTEVMVKRNDELQLTDIEQLAPSHVVISPGPCTPNEAGISLAVIRHFADKLPILGVCLGHQALGQAFGARVVRARQVMHGKTSAICHSGQGVFRGLNQPLTVTRYHSLVIATDSLPGRFELTAWTERGGEMDEIMGIRHRTLPLEGVQFHPESILSEQGHQLLDNFLKN,21267.1261,42534.2522
YPO3168,Q0WCB5,MMIKQYLQVTKPGIIFGNLISVIGGFLLASKGDIDYPLFLSTLLGVSLVVASGCVFNNYIDRDIDKIMERTKNRVLVKGLIDPKVSLIYASVLGIAGMLLLYVAANALAMMLAVIGFVIYVGVYSLYMKRKSVYGTLIGSLSGAAPPVIGYCAVTGQFDTGALILLLIFSLWQMPHSYAIAIFRFKDYQAANIPVLPVIKGISVTKNHITLYILAFMVATLMLTLSGYAGYKYLVVAAAVSVWWLGMALRGYKATNDSVWARKLFVFSIIAITSLSVMMSVDFNVHSSAVLLTYAG,32178.217100000045,64356.43420000009
YPO2977,Q0WCT7,,18.0153,36.0306
YPO3118,Q0WCG2,,18.0153,36.0306
YPO3412,Q0WBN4,,18.0153,36.0306
YPO3848,Q0WAG2,,18.0153,36.0306
YPO2053,Q0WFA3,,18.0153,36.0306
YPO3211,Q7CK54,,18.0153,36.0306
YPO3070,Q0WCJ8,,18.0153,36.0306
YPO2983,Q7CJF1,,18.0153,36.0306
YPO2774,Q0WDB7,MFMNKKLRVLPLVFAFAAASSAFAAIPKEIKIGTDPTYAPFESKNSSGELVGFDIDIAKELCKRIDTKCTFVESDFDALIPSLKAKKVDAIISSLSITEKRQKEIAFTDKLFAANSRLIAAKGSTIEPTLVALKGKRVGVLQGSTQEAFANAEWQPKGIDVVAYQNQDLIYADLASGRIDAAFQDEVAASEGFLKQPVGKDYIFAGPSVKNDQFFGVGTGMGLRKADVELKEALNKAFAEMRNDGTYDQFAKKYFDFDVYGD,28633.36509999996,57266.73019999992
YPO2423,Q0WEA2,,18.0153,36.0306
YPO1963,Q9ZC67,MMKVRPVERRDLADIFELAGKTGVGMTSLPQNEQHLAARIERALNTWQGSLDPGEQGYLFVLEDSEQQKVVGVSAIEVAVGLNDPWYNFRVGTLVHASKALNVYKSVPTLFLSNDHTGYSELCTLFLDPDYRKDKNGPFLSKVRFLFIAAFRQYFSRKVIAEMRGYTDEQGRSPFWESVGRHFFSIEFAKADYLSGTGQKAFIAELMPKHPLYVDFLAEEARAVIGQVHPHTAPARAVLETEGLQYQGYVDIFDGGPTLEANTDDVRVVRDSSKRTVVIKDYDIEDYDIDPNGRLYLVANDHYHHFRAILMNTHLSDERLRLTPESAEALGVAAGDSVRIVSLFAPETKR,39467.09860000004,78934.19720000008
YPO1548,Q0WGM4,,18.0153,36.0306
YPO1549,Q0WGM3,,18.0153,36.0306
YPO3385,Q0WBR1,,18.0153,36.0306
YPO1546,Q0WGM6,,18.0153,36.0306
YPO0683,Q7CGI6,,18.0153,36.0306
YPO0682,Q0WIZ0,MDLSVWGMYQNADVVVKGVMIGLVLASIVTWTILFSKGTELFRARRRLRQEHEVIGAVTDLDTASERAEDFGQGSVSSLLLHEALNERLLSIESNDNNGIKERTAFRLERRVAAIGRQMGKGNGFLATIGAISPFVGLFGTVWGIMNSFIGIAHSQTTNLAVIAPGIAEALLATALGLVAAIPAVVIYNIFARQIGNYRAQVGDVAAQVLLLLSRDLDLASSAEVKSPRHPHQLRAG,25502.111099999995,25502.111099999995
YPO2193,Q7CIM7,,18.0153,18.0153
YPO4120,Q0W9R7,,18.0153,18.0153
YPO4127,Q7CFM3,MSASGEISTPRDYIGHHLNHLQLDLRTFELVNPHSTGPATFWTLNIDSLFFSVVLGLAFLLVFRKVAASATSGVPGKLQTAVELIIGFVDNSVRDMYHGKSKVIAPLALTVFVWVLLMNMMDLLPIDLLPYIGEHVFGLPALRVVPTADVSITLSMALGVFILIIFYSIKMKGVGGFTKELTMQPFNHPIFIPVNLILEGVSLLSKPLSLGLRLFGNMYAGELIFILIAGLLPWWSQWMLSVPWAIFHILIITLQAFIFMVLTIVYLSMASEEH,30410.95240000004,30410.95240000004
YPO4126,Q0W9R1,,18.0153,18.0153
YPO4125,Q7CFM4,MNLNATILGQAIAFVLFVIFCMKYVWPPIMAAIEKRQQEIADGLSSAERAKKDLDLAQANATDQLKKAKAEAQVIIEQASKRKAQILDEAKAEAEQERNKIVAQAQAEIDAERKRAREELRKQVAMLAIAGAEKIIERSVDEAANSDIVDKLVAEL,17257.718199999992,17257.718199999992
YPO2878,Q0WD25,,18.0153,18.0153
YPO4123,Q0W9R4,,18.0153,18.0153
YPO4121,Q7CFM8,MATGKIIQVIGAVVDVEFPQDAVPKVYNALEVEGTTEKLVLEVQQQLGGGVVRCIAMGSSDGLSRGLKVTNLEHPIEVPVGKATLGRIMNVLGEPIDMKGPIGEEERWAIHREAPSYEELASSQDLLETGIKVMDLICPFAKGGKVGLFGGAGVGKTVNMMELIRNIAIEHSGYSVFAGVGERTREGNDFYHEMTDSNVLDKVSLVYGQMNEPPGNRLRVALTGLTMAEKFRDEGRDVLLFIDNIYRYTLAGTEVSALLGRMPSAVGYQPTLAEEMGVLQERITSTKTGSITSVQAVYVPADDLTDPSPATTFAHLDATVVLSRQIASLGIYPAVDPLDSTSRQLDPLVVGQEHYDVARGVQSILQRYQELKDIIAILGMDELSEDDKLVVSRARKIQRFLSQPFFVAEVFTGSPGKFVSLKDTIRGFKGIMNGDYDHLPEQAFYMVGTIEEAVEKAKKL,50126.79200000011,50126.79200000011
YPO0144,Q7CFW6,,18.0153,18.0153
YPO3123,Q0WCF7,,18.0153,18.0153
YPO3849,Q0WAG1,,18.0153,18.0153
YPO4124,Q7CFM5,MSEFVTVARPYAKAAFDFAVEHQAVERWQNMLAFTAQVTRNEQIAELLSGAVAPETMSTTFIAVCGDQLDEPAQNFIRVMAENGRLLVLPEVLQQFIQLRASLESTVDVEVSSARALNDEQLAKIAAAMEKRLSRKVKLNCKIDKSVMAGVVIRAGDMVIDGSVRGRLERLADVLQS,19495.278799999996,19495.278799999996
YPO4128,Q0W9Q9,,18.0153,18.0153
YPO2368,Q7CIR8,MKNILSIQSHVVFGHAGNSAAEFPMRRMGVNVWPLNTVQFSNHTQYGHWTGCVMPASHLTDIVQGIADIDRLKDCDAVLSGYIGSPEQGSHILAAVAQVKQANPDAWYFCDPVMGHPEKGCIVAPGVAEFFCNEALPASDMIAPNLLELEQLSGERVENVEQAVQVARSLCARGPKVVLVKHLSRAGYHADCFEMLLVTADDAWHICRPLVDFGKRQPVGVGDLTSGLLLVNLLKGEPLDKALEHVTAAVYEVMLKTQEMGEYELQVVAAQETIVTPICQFTAVRL,31184.568500000034,62369.13700000007
YPO4122,Q0W9R5,,18.0153,36.0306
YPO3364,Q0WBT1,,18.0153,36.0306
YPO2859,Q7CJL4,,18.0153,36.0306
YPO1636,Q0WGE1,,18.0153,36.0306
YPO1166,Q0WHN3,,18.0153,36.0306
YPO3831,Q7CKX7,,18.0153,36.0306
YPO3400,Q7CKD7,,18.0153,36.0306
YPO0794,Q74RZ7,,18.0153,36.0306
YPO0378,Q0WJT2,,18.0153,36.0306
YPO1238,Q0WHH1,MPFLQRFALAAKAGFPAVECLFPYQEQIADVQQAQKASGIPVVLINAPAGEWENGQRGLASLPDAGEPFRHSVRLAREYAVALGCKQIHIMAGNREESITFDEQYALLIERLRYAADYLMADNIRVLIEPLNNDNMPGYFISSFPLAEKIIHQCERKNIFLQFDVYHCQKIHGNLWANLQHYWPLISHIQIASVPERHEPNKGEVNYPWLFQQLVIKNYPGWIGCEYQPENETFSGLGWLGKNKNIKAFS,28573.338200000042,57146.676400000084
YPO2626,Q7CJU3,,18.0153,36.0306
YPO1151,Q7CH65,MATYHHWTVGQALALFDKPLLELLFEAQQVHRQHFDPRQVQVSTLLSIKTGACPEDCKYCPQSSRYKTGLESERLMQVEQVLESAKKAKAAGSTRFCMGAAWKNPHERDMPYLAKMVEGVKALGMETCMTLGSLSKQQAHRLADAGLDYYNHNLDTSPEFYGSIITTRSYQERLDTLNEVRDAGIKVCSGGIVGLGETVRDRAGLLVQLANLPKPPESVPINMLVKVKGTPLENNAEVDAFEFIRTIAVARIMMPSSYVRLSAGREQMNEQTQAMCFMAGANSIFYGCKLLTTPNPDEDKDLQLFRKLGLNPQQTATSHGDREQQQALTEQLLHGDTAQFYNAAV,38377.393600000076,76754.78720000015
YPO0460,Q0WJK6,,18.0153,36.0306
YPO3727,Q0WAT1,,18.0153,36.0306
YPO3423,Q7CKE8,,18.0153,36.0306
YPO1547,Q0WGM5,,18.0153,36.0306
YPO1023,Q0WI21,,18.0153,36.0306
YPO3627,Q74PI5,MTTLTHIPQGTPITLESIGKRYGNRTVLDNLQLRITAGQFVAVVGRSGCGKSTLLRLLAGLEAASDGTLLSGNALLSHAKDETRLMFQEARLLPWKKVIDNVGLGLRGHWRDEALQVLDTVGLADRANEWPAALSGGQKQRVALARALIHRPRLLLLDEPLGALDALTRIEMQGLIERLWQQHGFTVLLVTHDVSEAIALADRVLLIEEGRIGLDLAIDLPRPRRKGSAKLAALEAEVLERVLSPPQGIEASRQGIKASRQGTATSRRVAN,29468.741300000023,29468.741300000023
YPO1641,Q0WGD6,,18.0153,18.0153
YPO3624,Q0WB29,,18.0153,18.0153
YPO2528,Q0WDZ8,,18.0153,18.0153
YPO3626,Q7CL45,,18.0153,18.0153
YPO1615,Q0WGG2,,18.0153,18.0153
YPO3725,Q7CLE1,,18.0153,18.0153
YPO3162,Q0WCC1,,18.0153,18.0153
YPO1958,Q9ZC63,MKSQHDPGRSKSRHQEYSLILPILALVILNFWGNTSNFAAIIIINLIALVGILSSAFSVVRHADVLAHRLGEPYGSLILSLSVVVLEVSLISAMMATGDAAPALMRDTLYSIIMIVIGGLVGVSLLLGGRKFATQHVNLVGIKQYLMAIFPLAIIVLVLPSTLPGGNFTVAQSLVVAAISAAMYGVFLTIQTKTHQSLFVYEHEDEGDDPHHGKPSSHSSLWHTVWLLIHLIAVIAVTKFDANPLEALLTELNAPAKFTGFLIALLILSPEGLGALKAVLANQVQRAMNLFFGSVLATISLTVPAVTLIAVLTGQELNFGLEAPHIVVMVSVLILSKISFSTGRTNVLNGTAHLALFAAYMMTIML,39151.93130000005,39151.93130000005
YPO1545,Q0WGM7,,18.0153,18.0153
YPO1543,Q0WGM9,,18.0153,18.0153
YPO3319,Q0WBX3,,18.0153,18.0153
YPO0058,Q0WKN4,,18.0153,18.0153
YPO2205,Q0WEW2,,18.0153,18.0153
YPO3804,Q0WAK7,,18.0153,18.0153
YPO0672,Q74RN5,,18.0153,18.0153
YPO3927,Q0WA88,,18.0153,18.0153
YPO1207,Q7CH91,,18.0153,18.0153
YPO3807,Q7CKW4,,18.0153,18.0153
YPO3808,Q0WAK3,,18.0153,18.0153
YPO3806,Q7CKW3,,18.0153,18.0153
YPO3576,Q7CL88,,18.0153,18.0153
YPO3728,Q0WAT0,,18.0153,18.0153
YPO3805,Q7CKW2,,18.0153,18.0153
YPO3202,Q7CK50,,18.0153,18.0153
YPO3077,Q7CJZ2,,18.0153,18.0153
YPO3076,Q7CJZ1,,18.0153,18.0153
YPO3899,Q74RB6,,18.0153,18.0153
YPO2214,Q7CIM1,,18.0153,18.0153
YPO0475,Q0WJJ1,,18.0153,18.0153
YPO3417,Q7CKE4,,18.0153,18.0153
YPO2871,Q0WD32,MLRIAKEALTFDDVLLVPAHSTVLPNTAELGTQLTATIRLNIPMLSAAMDTVTESRLAIALAQEGGLGFIHKNMSIERQAEEVSRVKKHESGVVTEPQTVTPTTTLRQVKELTARNGFAGYPVVTEDYELVGIITGRDVRFVTDLDQPVTAVMTPKERLVTVKEGETREVVLQKMHEKRVEKVLVVDDSFHLRGMITVKDFQKAERKPNACKDEHGRLRVGAAVGAGAGNEERIDALVAAGVDVLLIDSSHGHSEGVLQRIRETRAKYPNLQIVGGNVATGAGAKALADAGVSAVKVGIGPGSICTTRIVTGVGVPQITAIADAVEALEGTGIPVIADGGIRFSGDIAKAIAAGASCVMVGSMLAGTEESPGEIELYQGRSFKSYRGMGSLGAMSKGSSDRYFQTDNAADKLVPEGIEGRVAYKGLLKEIVHQQMGGLRSCMGLTGCGTINELRTKAEFVRISGAGIQESHVHDVTITKESPNYRMM,51823.80540000006,207295.22160000025
YPO0481,Q0WJI4,,18.0153,72.0612
YPO3132,Q7CK15,,18.0153,72.0612
YPO0482,Q0WJI3,,18.0153,72.0612
YPO1114,Q7CH47,,18.0153,72.0612
YPO0532,Q0WJD4,,18.0153,72.0612
YPO1113,Q7CH46,,18.0153,72.0612
YPO3820,Q74R56,,18.0153,72.0612
YPO0531,Q0WJD5,,18.0153,72.0612
YPO1129,Q0WHR6,,18.0153,72.0612
YPO0530,Q0WJD6,,18.0153,72.0612
YPO4000,Q74QU5,,18.0153,72.0612
YPO0533,Q0WJD3,,18.0153,72.0612
YPO3999,Q0WA21,MPAETGKKPLLQAIDLKKYYPVKKGFFTPERLVKALDGVSFTLERGKTLAVVGESGCGKSTLGRLLTMIEIPTGGELYYQGQDLLKPDESAEKLRRQKIQIVFQNPYGSLNPRKKVGQILEEPLQINTQLNRKERREKTLAMMAKVGLKTEHYDRYPHMFSGGQRQRIAIARGLMLNPDVVIADEPVSALDVSVRAQVLNLMMDLQQELGLSYVFISHDLSVVEHIADDVMVMYLGRCVEKGSKEAIFNNPRHPYTQALLSATPRLNPDMRRERIKLTGELPSPMNPPPGCAFNARCRRAFGTCSQLQPQLKQYGDQMVACFAVDQDEAEKVVSV,37590.226000000046,150360.90400000018
YPO4002,Q7CG19,,18.0153,72.0612
YPO3986,Q0WA32,,18.0153,72.0612
YPO2690,Q0WDK0,,18.0153,72.0612
YPO2014,Q0WFD8,,18.0153,72.0612
YPO4001,Q7CG18,,18.0153,72.0612
YPO2692,Q0WDJ8,,18.0153,72.0612
YPO4003,Q7CG20,,18.0153,72.0612
YPO2390,Q7CIS5,,18.0153,72.0612
YPO2691,Q0WDJ9,,18.0153,72.0612
YPO1168,Q0WHN1,MVTSDIDTKPQKDTLNPVVFFTSAGLILAFCLMTIFYTDLSNRWIGITLNWVSATFGWYYLLAATLYIVFVIYIATSRYGSIKLGPEQSKPEFSLVSWAAMLFAAGIGIDLMFFSVAEPVTQYMMPPEGQGQTLEAARQAMVWTLFHYGLTGWSMYALMGIALGYFSYRYNLPLTIRSALYPIFGKRIDGPIGHSVDIAAVIGTIFGIATTLGIGVVQLNYGLNVLFHIPESLAVQAGLILLSVVMAAVSVTSGVNKGIRILSEVNVLLALGLILFLLNALVLNVGDYINRFLGMTLNSFAFDRPTQWMNSWTLFFWAWWVAWSPFVGLFLARISRGRTIRQFVVGTLIIPFVFTLLWLSIFGNSALYQILHGNIAFANEVMEFPERGFYSLLAQYPGFTLSASVATITGLLFYVTSADSGSLVLGNFTSRLADINNDSPNWLRTFWSITIGLLTLGMLMTDGVAALQNATVIMGLPFSFVIFFVMVGLYKSLKIEDYRKASSQQTPTPTLISGNEVLNWKQRLSRVMNYPGTTYTAKILDTICRPAMEEVAQELAVRGVKVEFNELPPKEDEQLNRLNHLELLVHLGDEQNFVYQIWPQRYSVPAFTYRARSGKSHYYRLETYLLEGTQGNDLMDYSKEQIINNILDQYERHMNFLHIQSEAPGNIMTFPDQ,75565.85010000023,302263.4004000009
YPO3767,Q0WAP2,,18.0153,72.0612
YPO0557,Q0WJB0,,18.0153,72.0612
YPO1400,Q0WH15,,18.0153,72.0612
YPO0321,Q0WJY7,,18.0153,72.0612
YPO2494,Q0WE30,,18.0153,72.0612
YPO3578,Q0WB73,,18.0153,72.0612
YPO3854,Q7CKZ0,,18.0153,72.0612
YPO2021,Q0WFD1,,18.0153,72.0612
YPO3285,Q7CK89,,18.0153,72.0612
YPO0006,Q0WKT6,,18.0153,72.0612
YPO2751,Q0WDE0,,18.0153,72.0612
YPO1357,Q7CHH8,,18.0153,72.0612
YPO0239,Q7CFS6,,18.0153,72.0612
YPO2907,Q0WCZ7,,18.0153,72.0612
YPO0310,Q0WJZ7,,18.0153,72.0612
YPO3762,Q7CKU4,,18.0153,72.0612
YPO2188,Q0WEX7,,18.0153,72.0612
YPO3305,Q0WBY7,,18.0153,72.0612
YPO2675,Q7CJS3,,18.0153,72.0612
YPO3388,Q0WBQ8,,18.0153,72.0612
YPO4048,Q7CFQ6,,18.0153,72.0612
YPO3837,Q0WAH3,,18.0153,72.0612
YPO1502,Q0WGS0,MIKTRAAVAWGPNQPLSVEEVDLMPPQKGEVLVRIVASGVCHTDAYTLSGADPEGVFPTILGHEGGGIVEAIGEGVTSVAVVDHVIPLYTPECGECKYCRSGKTNLCQAIRSTQGKGLMPDGTTRFSKNGQPIFHYMGTSTFSELTVVPEISLAKINKEAPLEEVCLLGCGVTTGMGAVMNTAKVKPGDTVAIFGLGGIGLSAVIGAQMAGASRIIGIDLNTSKFELARKLGATDLINPKDYDKPIQEVIVELTDGGVDFSFECIGNVNVMRSALECCHKGWGESVIIGVAGAGEEISTRPFQLVTGRVWRGSAFGGVKGRSELPGIVQQYLDGKFALNDFITHTMALDQINEAFDLMHEGKSIRSVIHFNHSSESK,39998.406300000046,159993.62520000018
YPO3353,Q7CKC6,,18.0153,72.0612
YPO3094,Q7CK01,,18.0153,72.0612
YPO2418,Q0WEA7,,18.0153,72.0612
YPO3249,Q0WC37,,18.0153,72.0612
YPO1083,Q0WHW1,,18.0153,72.0612
YPO1395,Q0WH20,,18.0153,72.0612
YPO0616,Q7CGF0,,18.0153,72.0612
YPO3032,Q0WCN6,,18.0153,72.0612
YPO1177,Q7CH75,MMSQFNNEKIQLLLTQLQHIVGTRYLLTGERQTERYRTGFRSGKGVALAVVFPSTLLQQWQLLQACVAADTIIIMQAANTGLTEGSTPSGDDYDRPIVILNTLRLNNIQLLDDGKQVIGFPGSTLNQLEKRLKPYGREPHSVIGSSCIGASVVGGICNNSGGSLVQRGPAYTEMALYAQIDAQGELQLINHLGISLGNTPEEILQRLEQGQYGAEDIEQTGQQASDSEYATRVRDIDATTPSRFNADPRRLFEASGCAGKLAIFAVRLDTFPSEKQQQVFYIGTNQTQVLTELRRIILRDFKHLPIAGEYLHRDIFDIAETYGKDTFVMINSMGTNNMPRFFTLKGKIDARLNKIPHLVDHLTDRVMQGFSQILPNHLPKRLKTYRNQYEHHLLLKMSGDGITEAQQHLRAFFATAEGNFIACTADEGKKAFLHRFAAAGAAVRYHAVHADQVEDILALDIALRRNEKQWFETLPPEIEKCLIAKLYYGHFLCHVFHQDYIVKKGVDVKALKEKMLSLLNDKGAEYPAEHNVGHLYLAKPALKDFYQQIDPTNSFNPGIGKTSKRKRWQQD,64171.435600000164,256685.74240000066
YPO0946,Q0WI95,,18.0153,72.0612
YPO2394,Q0WEC8,,18.0153,72.0612
YPO2616,Q0WDR6,,18.0153,72.0612
YPO2329,Q0WEJ2,,18.0153,72.0612
YPO0676,Q0WIZ6,,18.0153,72.0612
YPO0322,Q7CKP1,,18.0153,72.0612
YPO1075,Q0WHW9,,18.0153,72.0612
YPO2645,Q7CJT4,,18.0153,72.0612
YPO2610,Q0WDS2,,18.0153,72.0612
YPO2647,Q0WDN9,,18.0153,72.0612
YPO2381,Q0WEE1,,18.0153,72.0612
YPO2646,Q7CJT3,,18.0153,72.0612
YPO0581,Q7CGC7,,18.0153,72.0612
YPO1569,Q0WGK6,,18.0153,72.0612
YPO0126,Q7CFX4,,18.0153,72.0612
YPO0465,Q7CG73,,18.0153,72.0612
YPO1057,Q0WHY8,,18.0153,72.0612
YPO3023,Q0WCP5,,18.0153,72.0612
YPO3080,Q0WCI8,,18.0153,72.0612
YPO3020,Q0WCP6,,18.0153,72.0612
YPO1150,Q0WHP9,MTPSDLVFDQQHIWHPYTSMTEPLPCYPVVGAEGVELQLADGRRLIDGMSSWWAAIHGYNHPVLNFAAHQQLDKMSHVMFGGITHPPAVKLCRQLVAMTPPPLECVFLADSGSVSVEVALKMALQYWQAKGERRQRILTLRHGYHGDTFGAMSVCDPQNSMHSLYQGYLAENLFANAPQCGFDDPWDPQDIANFVALITQHANEIAAVILEPVVQGAGGMRIYHPSYLREVRALCDKHQILLIADEIATGFGRTGKLFACEHAQIVPDILCLGKALTGGYLTLSATLTTRAVAETISKGDAGCFMHGPTFMANPLACAVASANLSLLAENSWQQQVSKIEDQLKRELLPLAQEDTVADVRVLGAIGVVEMKKPVNVARLQRSFVEQGVWIRPFGKLIYLMPPYIISQHALTRLTAAVVDRGS,46347.99810000005,92695.9962000001
YPO1108,Q7CH41,,18.0153,36.0306
YPO3830,Q7CKX6,,18.0153,36.0306
YPO0162,Q7CFV9,,18.0153,36.0306
YPO3781,Q0WAN0,,18.0153,36.0306
YPO0888,Q0WIF2,,18.0153,36.0306
YPO3377,Q0WBR9,,18.0153,36.0306
YPO0122,Q0WKH8,,18.0153,36.0306
YPO3739,Q0WAR9,,18.0153,36.0306
YPO0329,Q0WJX9,,18.0153,36.0306
YPO1845,Q0WFU9,,18.0153,36.0306
YPO0334,Q0WJX4,,18.0153,36.0306
YPO2288,Q0WEN3,MNKLQDTGSLAVVEAIDKLEMLYDAALAALRDAISAFIRDGSLPNAAERSKGLFSYPQLSVRWDGKFSDHHRTRAYGRFSRAGQYSTTITRPALFREYLTEQMTLLESEYGAVFEVTPSQQEMPYPFVIDGSDLILDRSMTAGLAQHFPTTDLAKIGDGITDGIETIALGTASLGSAVSDLPLSHFDALRTDFSLARLKHYTGTPAEDIQPYILFTNYSRYVDEFVRWAGEQILDPNSPYKALSCAGGSYITAENADPEKTLSDLAWKKHQMPAYHLIAKNGQGITLVNIGVGPSNAKTICDHLAVLRPHVWLMIGHCGGLRESQSIGDYVLAHAYLRDDHVLDAVLPPDIPIPSIAEIQRALYDATKAVSGMPGVEVKQRLRTGTVVTSDDRNWELRFSASSLRFSLSRAVAVDMESATIAAQGYRFRVPYGTLLCVSDKPLHGEIKLPGQANHFYEGAISEHLQIGIRAIDLIGGSSAKIRAMATRCRIPPDKSFGYRVRNSLKPSVFSKSSTTDWHFSFDSPLMSMPNAIFFSTFIHGNSAYS,60100.453200000135,120200.90640000027
YPO4067,Q0W9W4,,18.0153,36.0306
YPO1414,Q7CHK4,,18.0153,36.0306
YPO2496,Q74T78,,18.0153,36.0306
YPO3011,Q7CJG9,,18.0153,36.0306
YPO3726,Q0WAT2,,18.0153,36.0306
YPO3230,Q7CK62,,18.0153,36.0306
YPO3099,Q7CK05,,18.0153,36.0306
YPO1028,Q0WI17,MRPSLMCITSICITSLLKHATMIKAKKFRGHSQDANNSMKVFNPMDFRREFPALSDKLTYLDSAATALKPRAMIDATQQFYQQDSATVHRSQHQSALSLTVRFENTRQQVADFINSSTAENIIWTRGTTEAINLIAQSYARPRLQPEDEIIVSEAEHHANLIPWLMVAEQTGAKIVKLPLGLDHLPDLQQLPQLLNEKTRILALGQMSNVTGGSPDLAQAIRLAHQYDCVVVVDGAQGIVHYPADVQALDIDFYAFSSHKLYGPTGIGVLYGKTELLEEMPAWQGGGKMLTHASFGGFTPHEVPYRFEAGTPNIAGVIGLSAVLKWLEHIDLEEAEVYSQGLATMAENKLAQLPGFHSYRCQQSSLLAFTFDGVHHSDLVALLAEQGIALRAGQHCAQPLMAALGVNGSLRASFAPYNTPQDVEMLCSALGKALELLRD,48188.519900000065,96377.03980000013
YPO3073,Q0WCJ5,,18.0153,36.0306
YPO2263,Q74TS8,,18.0153,36.0306
YPO1118,Q7CH50,,18.0153,36.0306
YPO1117,Q7CH49,,18.0153,36.0306
YPO1598,Q7CJ24,,18.0153,36.0306
YPO3722,Q7CLE0,,18.0153,36.0306
YPO1194,Q7CH84,,18.0153,36.0306
YPO3164,Q7CK33,,18.0153,36.0306
YPO3166,Q7CK35,,18.0153,36.0306
YPO3393,Q0WBQ3,,18.0153,36.0306
YPO3167,Q74WS8,,18.0153,36.0306
YPO3165,Q7CK34,,18.0153,36.0306
YPO3788,Q0WAM3,,18.0153,36.0306
YPO0145,Q74Y33,,18.0153,36.0306
YPO3525,Q0WBC4,,18.0153,36.0306
YPO1512,Q0WGR0,,18.0153,36.0306
YPO0549,Q7CGA8,,18.0153,36.0306
YPO1524,Q0WGP8,,18.0153,36.0306
YPO2158,Q0WF05,,18.0153,36.0306
YPO2604,Q7CJV5,,18.0153,36.0306
YPO1522,Q0WGQ0,,18.0153,36.0306
YPO1391,Q0WH24,,18.0153,36.0306
YPO2601,Q7CJV7,,18.0153,36.0306
YPO1661,Q7CIZ1,,18.0153,36.0306
YPO3506,Q7CKJ3,,18.0153,36.0306
YPO2147,Q0WF15,,18.0153,36.0306
YPO0313,Q7CKP4,,18.0153,36.0306
YPO1176,Q7CH74,,18.0153,36.0306
YPO1441,Q0WGX6,,18.0153,36.0306
YPO2752,Q0WDD9,,18.0153,36.0306
YPO3516,Q0WBD3,,18.0153,36.0306
YPO2899,Q7CJN9,,18.0153,36.0306
YPO0796,Q7CGZ1,,18.0153,36.0306
YPO3845,Q0WAG5,,18.0153,36.0306
YPO1511,Q0WGR1,,18.0153,36.0306
YPO3034,Q0WCN4,MDEQLKQSALDFHQFPVPGKIQVSPTKPLATQRDLALAYSPGVAAPCLEIAADPLAAYKYTARGNLVAVISNGTAVLGLGNIGALAGKPVMEGKGVLFKKFSGIDVFDIEVDELDPDKLIDIIASLEPTFGGINLEDIKAPECFYIEKKLRERMKIPVFHDDQHGTAIICTAAVLNGLRVVKKDISDVKLVVSGAGAASIACLNLLVALGLKQHNIIACDSKGVIYKGREANMAETKAAYAIDDNGQRTLGDVMPGSDIFLGCSGSGVLTPEMVKTMAPNPLILALANPEPEILPPLAKAVRPDAIICTGRSDYPNQVNNVLCFPFIFRGALDVGATTINEEMKLACVHAIADLALAEQSDVVASAYGEQDLSFGPEYIIPKPFDPRLIVKIAPAVAKAAMASGVATRPITDFNAYVEKLSEFVYKTNLFMKPIFSQAKKEMKRVVLAEGEGEEERVLHATQELISQGLAYPILIGRPSVIETRLKKLGLQISAGKDFEVVNNESDPRFNEYWHEYYQIMKRRGVSQEQARRAVIGNPTLIGSIMVHRGEADAMICGTIGTYHEHYDVVEKVFGFREGAHVAGAMNALLLPSGNTFIADTYVNNDPTAEQLAEITLMAAETVRRFGIEPKVALLSHSSFGTSDCPAARKMRQTLALVNQMAPELEIDGEMHGDAALVESIRHNLMPDSPLKGSANILIMPNMEAARISYNLLRVTSSEGVTVGPVLMGITKPVHILTPIASVRRIVNMVALAVVEAITLRP,82168.2852000003,164336.5704000006
YPO0658,Q0WJ12,,18.0153,36.0306
YPO1525,Q0WGP7,,18.0153,36.0306
YPO3200,Q7CK49,,18.0153,36.0306
YPO2879,Q0WD24,,18.0153,36.0306
YPO3360,Q0WBT5,,18.0153,36.0306
YPO0452,Q0WJL4,,18.0153,36.0306
YPO2744,Q74SY3,,18.0153,36.0306
YPO3990,Q7CG14,,18.0153,36.0306
YPO0995,Q7CGN5,,18.0153,36.0306
YPO3286,Q0WC04,,18.0153,36.0306
YPO0040,Q0WKQ2,,18.0153,36.0306
YPO2957,Q7CJD8,,18.0153,36.0306
YPO3361,Q0WBT4,,18.0153,36.0306
YPO0954,Q0WI88,,18.0153,36.0306
YPO1072,Q0WHX2,,18.0153,36.0306
YPO1025,Q7CH02,,18.0153,36.0306
YPO1073,Q0WHX1,,18.0153,36.0306
YPO2438,Q7CIU7,,18.0153,36.0306
YPO3897,Q0WAB5,,18.0153,36.0306
YPO0931,Q0WIB0,,18.0153,36.0306
YPO0480,Q0WJI5,,18.0153,36.0306
YPO1965,Q9ZC69,,18.0153,36.0306
YPO3062,Q0WCK6,,18.0153,36.0306
YPO0486,Q7CG83,,18.0153,36.0306
YPO2769,Q0WDC2,,18.0153,36.0306
YPO4068,Q7CFP7,,18.0153,36.0306
YPO1283,Q0WHC9,,18.0153,36.0306
YPO0055,Q0WKN7,,18.0153,36.0306
YPO1145,Q0WHQ4,,18.0153,36.0306
YPO3014,Q7CJH1,,18.0153,36.0306
YPO0104,Q0WKJ4,,18.0153,36.0306
YPO3365,Q0WBT0,,18.0153,36.0306
YPO0648,Q0WJ22,,18.0153,36.0306
YPO3012,Q0WCQ4,,18.0153,36.0306
YPO3013,Q7CJH0,,18.0153,36.0306
YPO3366,Q0WBS9,,18.0153,36.0306
YPO3053,Q7CJI9,MICPVIELAQQLIKRPSLSPSDAGCQEIMIQRLAAIGFTIEPMNFGDTLNFWAWRGEGETLAFAGHTDVVPTGDESHWHSPPFEPTIRDGMLYGRGAADMKGSLAAMIVAAERFVAAHPDHKGRLAFMITSDEEAKATNGTVKVVEALMARHERLDYCLVGEPSSTDRVGDIVKNGRRGSITANLRIHGVQGHVAYPHLADNPVHRAMPALNELVATQWDEGNAFFPATSMQIANLQAGTGSNNVIPGEFYVQFNFRFSTELTDSLIKQRVAALLDRHQLDYTLEWVLSGQPFLTAKGALVDAVVNAVKHYTEITPQLLTTGGTSDGRFIALMGAQVVELGPVNATIHKVNECVSAADLQLLSRMYQKIMEQLIA,40932.247700000036,81864.49540000007
YPO1147,Q0WHQ2,,18.0153,36.0306
YPO1415,Q0WH00,,18.0153,36.0306
YPO4054,Q0W9X5,,18.0153,36.0306
YPO1587,Q0WGJ0,,18.0153,36.0306
YPO3015,Q7CJH2,,18.0153,36.0306
YPO1146,Q7CH61,,18.0153,36.0306
YPO2164,Q0WEZ9,,18.0153,36.0306
YPO3401,Q0WBP5,,18.0153,36.0306
YPO0070,Q0WKM4,,18.0153,36.0306
YPO2824,Q7CJY7,MSAKIIDGKTIAQQVRNEVAAVVQQRLAAGKRAPGLAVVLVGENPASQIYVASKRKACEEVGFVSRSYDLPMATSEAELLALIDSLNEDTEIDGILIQLPLPNGIDNVKVLERIHPDKDVDGFHPYNVGRLCQRAPKLRACTPRGIMTLLERYDIPTYGLNAVVVGASNIVGRPMSLELLLAGCTTTVTHRFTKNLRHHIENADLLVVAVGKPGFIPGEWIKPGAIVIDVGINRLESGKVVGDVAFDVAAERAGWITPVPGGVGPMTVATLIQNTLQACEEYHDISQN,30982.40150000002,61964.80300000004
YPO0117,Q7CL17,,18.0153,36.0306
YPO3501,Q7CKJ1,,18.0153,36.0306
YPO1771,Q7CHW1,,18.0153,36.0306
YPO1321,Q0WH92,,18.0153,36.0306
YPO0584,Q0WJ82,MEKTQSVFIRFIVNGSLVKQILIGLVAGIVLALVSTPAAIAVGLLGSLFVGALKAVAPVLVLMLVIASIANHKKGQKTSIRPILFLYVLGTFSAALVAVVVSFIYPSTLILVAESADITPPSGIVEVLHGLLNSIIANPIHALLNANYIGILAWAVGLGIALRHAADTTKALINDMSDAVTLVVRVVIRFAPLGIFGLVASTIAATGFGALQLYAQLLVVLIGCMLLVALVVNPLIVYWKIRRNPYPLVFACLRESGVTAFFTRSSAANIPVNMEMCKKMNLNEDTYSISIPLGATINMAGAAITITVLTLAAVHTLGITVDLPTALLLSVVAAICACGASGVAGGSLLLIPLACSMFGIPNDVAMQVVGVGFIIGVLQDSAETALNSSTDVLFTAAVCQAEDAKLANPDPLAAGKSV,43201.13690000007,86402.27380000014
YPO0152,Q0WKF0,,18.0153,36.0306
YPO2448,Q0WE76,,18.0153,36.0306
YPO1379,Q0WH36,,18.0153,36.0306
YPO3736,Q0WAS2,,18.0153,36.0306
YPO3176,Q7CK38,,18.0153,36.0306
YPO1501,Q7CHQ0,,18.0153,36.0306
YPO0477,Q0WJI8,,18.0153,36.0306
YPO1617,Q7CJ13,,18.0153,36.0306
YPO1966,Q0WFI3,,18.0153,36.0306
YPO1964,Q9ZC68,MSQHVMFNAVLSSHPALFIQGEWRIGNGVSFEKQDPMSQQRLWQARAADHTDVTLACHAARAAFPAWARASLEQRATVIQQFAALLEQHKQSLARTISLETSKPYWETLTEVQAMIGKVAISLQAYQTRTGHSQTPMGDSMSVLRHRPHGVLAVFGPYNFPGHLPNGHIVPALLAGNTVVFKPSELTPWTAEETVKLWQQAGIPDGVLNLVQGGRETGEALAAQPDIDGLLFTGSAHTGYHLHRQLAGQPEKMLALEMGGNNALIVEQVKDRDAVVNLAIQSAFISAGQRCTCSRRLLVKTGAEGDAFLLRFTAVAQALRIGRWDEQPAPFMGAVISSQAAERMLAAQQHLLLLGGESLLNMTRPDSQSALLTPGIIDITNISEVPDEEYFGPLVSVIRYTDFTEALKIANQTRFGLAVGLVSEDRQQFEQLLLEARAGIVNWNKPLTGASSAAPFGGVGASGNHRPSAFYAADYCAWPMASLECEHLTLPATLSPGISFDLPKV,54764.757200000124,109529.51440000025
YPO2552,Q0WDX5,,18.0153,36.0306
YPO1215,Q0WHI9,,18.0153,36.0306
YPO0158,Q74Y23,MDYFPIFCQLQHKACLLVGGGEIAERKARLLLDAGALVTVNACEFTPQFHHWADQGQLSLISGEFVPELLADKWLVIAATDQLSVNALVYQSANQQRIFCNVVDDPKRTSFIMPSIIDRSPIMIAVSSGGKAPVLARLLREKLEALLPQHLGQLAGNLRQRVKQHFTVMTERRRFWEKLLTHDRLAQSLANNDHVQADQHVEQLFSAPLTDRGEVVLVGAGPGDAGLLTLKGLQQIQQADVVVYDRLVSDEVMNLVRRDAERIFVGKQSGHHCVPQEQINQILLQQAQSGKRVVRLKGGDPFIFGRGGEELEELAGYGIPFSVVPGITAASGCSAYSGIPLTHRDHAQSVRLVTGHAKKEGQLDWANLAAEKQTLVFYMGLSQAGEIQQQLIQHGMPATTQVALVENGTSRHQRVVSGELSQLALLSQQVSSPSLIIVGSVVSLREKLNWFSSRHHDDQPKVTECVAHVG,51663.49630000009,103326.99260000019
YPO2550,Q0WDX7,,18.0153,36.0306
YPO1610,Q7CJ16,MLSRYNGSQWADAIDIKVKKMTRYLNKDTTVCISLAARPSNFGTRFHNFLYDALDLDYLYKAFTTNDLAAAIGGVRALGFRGCAISMPFKEAVIPMVDEMDPSAKAINSVNTLVNTGGYLKAYNTDYIAIAKLLQEYQVPVDNVFALRGSGGMAKAVAFALKNAGFKQGYIIATNEKTGKQLAEQSGYIYRPDMQNIQADMLINATPVGMAGGADADKLAFTETEVDRAKIVFDVVALPAVTPLIRYAQTQGKTVITGAEVFAIQAVEQFVLYTGIRPSQALFEQAAAYARG,31724.064000000002,63448.128000000004
YPO2553,Q7CJ92,MTDLTTSDSLQPAWQTRDHLDDPVIGELSNRFGPEAFVVQATRTGMPVVWVKREQLLEVMSFLRKQPKPYVMLFDLHGVDERLRTHRQGLPDADFSVFYHLLSIERNRDIMLKVALSEKDLHVSTATKIFPNANWYERETWEMFGITFDGHPHLTRIMMPQSWEGHPLRKDYPARATEFDPYVLTKQKEDLEMESLTFKPEDWGMKRGTENEDFMFLNLGPNHPSSHGAFRIVLQLDGEEIIDCVPDVGYHHRGAEKMGERQSWHSYIPYTDRIEYLGGCVNEMPYVLAVEKLAGIVVPDRVNTIRVMLSELFRINSHLLYISTFIQDVGAMTPVFFAFTDRQKVYDVIEAITGFRMHPAWFRIGGVAHDLPRGWERLLRDFLDWMPKRLDSYVKAALQNSILKGRSVGVAAYNAKEALEWGVTGAGLRATGVEFDVRKWRPYSGYENFDFEVPVGNNGDCYDRVMLKVEELRQSLRILEQCYKNMPEGPFKADHPLTTPPPKERTLQHIETLITHFLQVSWGPVMPANESFQMIEATKGINSYYLTSDGSTMSYRTRIRTPSYAHLQQIPSVIRGSLVSDLIVYLGSIDFVMSDVDR,68884.86050000018,68884.86050000018
YPO0246,Q0WK60,,18.0153,18.0153
YPO2548,Q7CJ89,MTLKELVVGFGTQVRSLWMIGLHAFHKRETLMYPEEPVYLPPRYRGRIVLTRDPDGEERCVACNLCAVACPVGCISLQKAEQKDGRWYPEFFRINFSRCIFCGLCEEACPTTAIQLTPDFEMGEFKRQDLVYEKEDLLISGPGKYPEYNFYRMAGMAIDGKQKGEAENEAKPIDVKGLMP,20558.634999999987,20558.634999999987
YPO3325,Q0WBW7,,18.0153,18.0153
YPO3323,Q9X6B4,MGSGWHEWPLMVFTVLGQCVVGGFIVLGLALIFGGLSRGQQQRVHRSMFVLWVLMALAFIASTLHLGSPMRAFNSLNRIGESALSNEIAAGSLFFAVAGFYWLLAVLDKMPAALGKIWLVVAMVLGVIFVYAMCRVYSINTVPTWDSIYTPLGFVLTTLIGGPLLGYLLLQLADVNGRAMLQLPMISVLALIISVASVIMQAASLPLIYSSVQQASALIPDYGSLMVWRLVLLVLGLGCWICPLIRGRRPMTLVMVLGTLLVIAGELIGRGVFYGLHMTVGMAVGG,30786.91530000001,30786.91530000001
YPO2551,Q7CJ91,,18.0153,18.0153
YPO3215,Q0WC71,,18.0153,18.0153
YPO3324,Q9X6B5,MTTQYGFYIDSSRCTGCKTCELACKDFKNLSPDVSFRRIYEYAGGDWQQDNGTWHQNVFAYYLSIACNHCSDPACTKVCPSGAMHKRDDGFVVVNEDICIGCRYCHMACPYGAPQYDAEKGHMTKCDGCYERVAVGKKPICVDSCPLRALDMAPIDELREKYGDLAEIAPLPAAHFTLPNIVLKPNANSRPVRDTTGHLANPKEV,22790.73490000001,22790.73490000001
YPO2830,Q7CJK0,,18.0153,18.0153
YPO2054,Q7CIC0,,18.0153,18.0153
YPO3411,Q0WBN5,,18.0153,18.0153
YPO2544,Q7CJ85,,18.0153,18.0153
YPO4061,Q7CFQ2,,18.0153,18.0153
YPO0565,Q7CGB7,,18.0153,18.0153
YPO3375,Q74XS8,,18.0153,18.0153
YPO2555,Q0WDX2,MRMSTTTEIIAHHWAFAVFLIGAVGLCGLMLLGAYFLGGRAQARAKNVPYESGIDSVGSARMRLSAKFYLVAMFFVIFDVEALYLYAWSISIRESGWIGFIEAAIFILVLLAGLFYLVRIGALDWTPTRSNRRVSKPSTVRYASSHPQDISQELSVAGSQQANESR,18376.115999999995,18376.115999999995
YPO1290,Q7CHE3,,18.0153,18.0153
YPO2554,Q7CJ93,MDYTLTRIDPNGENDRYPLQTQETVSGDPLEQHVHRSVYMGKLENAMHDMVNWGRKNSLWPYNFGLSCCYVEMVTSFTAVHDVARFGAEVLRASPRQADFMVVAGTCFTKMAPVIQRLYEQMLEPKWVISMGACANSGGMYDIYSVVQGVDKFLPVDVYIPGCPPRPEAYMQALLLLQESIGKERRPLSWVVGDQGVYRANMQPERERKHAERIAVTNLRTPDEI,25611.0663,25611.0663
YPO2549,Q0WDX8,,18.0153,18.0153
YPO3430,Q0WBL6,,18.0153,18.0153
YPO3888,Q0WAC4,,18.0153,18.0153
YPO2523,Q74T56,,18.0153,18.0153
YPO3171,Q0WCB2,,18.0153,18.0153
YPO2545,Q7CJ86,,18.0153,18.0153
YPO2546,Q7CJ87,MIPLQHGLILAAILFVLGLTGLLIRRNLLFMLISLEVMINAAALAFVVAGSYWGQADGQVMYILAITLAAAEASIGLALLLQLYRRRHTLDIDTVSEMRG,10879.977799999991,10879.977799999991
YPO2547,Q7CJ88,,18.0153,18.0153
YPO2524,Q0WE02,,18.0153,18.0153
YPO2543,Q7CJ84,MTITPQQLIAMLPLLIVGLTVVVVMLSIAWRRDHFINATLTVIGLNLALLSLYFVGQVGPMDVTPLMRVDGYSMFYTGLVIIASLATSTFAYPWLVGYPDNREEFYLLVLIAALGGILLASANHLASLFLGIELLTLPLFGLIGYAYRQKRSLEASIKYMLLSAAASSFLLFGMALLYAESGSLSFVGLGQSLSDSMVHQPLILAGLGMMIVGLGFKLSLVPFQLWTPDVYQGAPAPVSTFLATASKIAIFAVVMRLFMYAPAADSEAVRLVLSIIAVASILFGNLMAISQTNIKRLLGYSSIAHLGYLLIALVAVQTHELALPLETIGVYLAGYLFSSLGAFGVVSLMSSPYKGPDAESLFSYRGLFWHKPILSAVMTVMMLSLAGIPMTLGFIGKFFVVAMGVSANLWWLTGAVVLGSAIGLYYYLRVTVSLFLSPPQSLVRDTPSNWALTAGGVVVLISAILVLVLGIYPQPLITLVQMAQPLM,52346.05300000003,52346.05300000003
YPO1109,Q7CH42,,18.0153,18.0153
YPO1106,Q0WHT9,,18.0153,18.0153
YPO0436,Q0WJM6,,18.0153,18.0153
YPO1110,Q7CH43,,18.0153,18.0153
YPO1112,Q7CH45,,18.0153,18.0153
YPO1111,Q7CH44,,18.0153,18.0153
YPO0670,Q7CGH8,,18.0153,18.0153
YPO1115,Q0WHT0,,18.0153,18.0153
YPO1116,Q7CH48,,18.0153,18.0153
YPO0015,Q0WKS6,,18.0153,18.0153
YPO0463,Q0WJK3,,18.0153,18.0153
YPO2303,Q7CII9,,18.0153,18.0153
YPO0185,Q0WKB9,,18.0153,18.0153
YPO2141,Q0WF19,,18.0153,18.0153
YPO3859,Q0WAF1,,18.0153,18.0153
YPO3914,Q0WA99,,18.0153,18.0153
YPO3862,Q0WAE8,,18.0153,18.0153
YPO2302,Q7CIJ0,,18.0153,18.0153
YPO1396,Q0WH19,,18.0153,18.0153
YPO1413,Q0WH02,,18.0153,18.0153
YPO0891,Q7CGT8,,18.0153,18.0153
YPO0832,Q7CGX5,,18.0153,18.0153
YPO0345,Q0WJW5,,18.0153,18.0153
YPO2142,Q74U12,MDITNRQAVLKNFLGNSPDWYKLAIMGFLIINPLVFFFVSPFVAGWMLVIEFIFTLAMALKCYPLQPGGLLAIQAVAIGMTSPHQVAEEIANNLEVLLLLVFMVAGIYFMKQLLLFVFTKLLLNIRSKTILSLAFCLASAFLSAFLDALTVIAVVISVSVGFYTIYHNVTSNHSDKDITDDSGIDNQDSHETLEQFRAFLRSLMMHAGVGTALGGVMTMVGEPQNLIIAKSAGWNFADFFIRMLPVTLPVFIFGLLVCLLVEKFKLFGYGAQLPERVRQVLTEYDQQANAKRTKQEKMKLIVQAIIGVWLVLALALHLAEVGLVGLSVIILATSFCGITNEHSLGKAFQEALPFTALLTVFFAVVAVIIEQSLFTPIIQFVLQASPSAQLSLFYLFNGLLSSVSDNVFVGTVYINEARSAFEHGIVSLQQFELLAVAINTGTNLPSVATPNGQAAFLFLLTSALAPLIRLSYGRMVYMALPYTLVMTIVGLLGVEFLLVPMTEWLTQAGWISLPHITNGVAIPH,57475.393500000064,57475.393500000064
YPO0844,Q7CGW5,,18.0153,18.0153
YPO0470,Q7CG77,MTNIIRQFLRQEAAGGLILIIAAAIALLMANSALQGVYQSFLDIPVSIKIASLDISKPLLLWINDGLMAVFFLMIGLEVKRELMEGSLAGRDKAVFPAIAALGGMLAPALIYLLFNGADEVTRQGWAIPAATDIAFALGVMALLGNRVPTGLKVFLLALAIIDDLGVIIIIALFYTQQVSLQSLGIAAAAIALLAYMNWRGVGKTSAYLLVGLVLWVCILKSGVHATLAGVIVGFMIPLHTQDQRSPSESLEHGLHPWVAYLILPLFAFANAGVSLQGVSLSGLTSLLPMGIATGLFIGKPLGIFTFSWLAVKLGIAKLPDAINFKQIFAVSVLCGIGFTMSIFIASLAFEGTDIALTTYSKLGILLGSTTAAVVGYSLLRLVLPARRKAVNVR,41717.48100000003,41717.48100000003
YPO3868,Q7CKZ3,,18.0153,18.0153
YPO1041,Q0WI04,,18.0153,18.0153
YPO3064,Q0WCK4,MMSPLKAGDIAPKFSLPDQDGEQISLADFQGQRVLVYFYPKAMTPGCTVQACGLRDNMDELKSAGVEVLGISTDKPEKLSRFAEKELLNFTLLSDEHHEVAEQFGVWGEKSFMGKTYNGIHRISFLIDADGKVEHMFDNFKTNNHHDIVMDYLRQNA,17715.879699999998,17715.879699999998
YPO3270,Q7CK81,,18.0153,18.0153
YPO2883,Q0WD20,,18.0153,18.0153
YPO0521,Q0WJE3,MLAAGLIVAVALLAFAAIWHHAPTADWQSVWHDRYLWHVIRFTFWQAFLSALLSVIPAIFLARALYRRNFPGRQFMLRLCAMTLVLPVLVALFGILTVYGRQGWLAHLFDWLGVDYRFSPYGLQGILLAHIFFNLPLATRLLLQSLEGIAVEQRQLAAQLGMNGWQHFRWVEWPYLRRQILPTAALIFMLCFASFATVLSLGGGPQATTIELAIYQALSYDYDLGRAALLALIQLGCCLGLVVLSQRLNSVLTVGNTHGQIWRNPQDSGWARLGDTLLICSALLLMVPPLLTVVIDGSNKTILTVLQQPALWQAFFTSVTIAIGAGLLCVILTMMLLWSSRELKLRQRAAYGQALEVSGMVILAMPGIVLATGFFLLLNDTLGLPQSPYGLVILTNALMAVPYALKVLDNPMRDLAERYTPLCLSLDIRGWHRLRYIELRALKRPLAQALAFASVLSIGDFGVVALFGNEHFRTLPFYLYQQIGSYRSNDGAVTALLLLLLCFLLFTLIERLPSRHAKA,57891.074000000044,57891.074000000044
YPO3142,Q7CK20,,18.0153,18.0153
YPO1605,Q0WGH2,,18.0153,18.0153
YPO0522,Q74Q54,,18.0153,18.0153
YPO2176,Q0WEY8,,18.0153,18.0153
YPO0520,Q0WJE4,MLKLEKITYLYDHLPMCFDLRIQPGERVAILGPSGAGKSTLLSLIAGFLAPTGGHMLLNNQDHTASTPAQRPVSMLFQENNLFAHLTVEQNIGLGLHPGLKLSGEQRLLLQHIAQQVGLESCLDRLPAQLSGGQRQRAALARCLVRSQPILLLDEPFSALDPALRNEMLQLVDQVCINRQLTLLMVSHNLDDAARIAQRTLLIVEGRIDYDGPTQALVDGSAAKASVLGIKSAVIS,25619.493200000004,25619.493200000004
YPO2607,Q0WDS5,,18.0153,18.0153
YPO0060,Q0WKN2,,18.0153,18.0153
YPO4089,Q0W9U7,,18.0153,18.0153
YPO0444,Q74PZ2,,18.0153,18.0153
YPO0440,Q0WJM4,,18.0153,18.0153
YPO3832,Q7CKX8,,18.0153,18.0153
YPO2433,Q0WE91,,18.0153,18.0153
YPO0047,Q0WKP5,,18.0153,18.0153
YPO1128,Q7CH56,,18.0153,18.0153
YPO2160,Q7CIH4,,18.0153,18.0153
YPO3741,Q7CKT8,,18.0153,18.0153
YPO3424,Q0WBM2,,18.0153,18.0153
YPO3743,Q0WAR5,,18.0153,18.0153
YPO0159,Q7CFW2,,18.0153,18.0153
YPO1048,Q0WHZ7,,18.0153,18.0153
YPO3177,Q0WCA6,,18.0153,18.0153
YPO3038,Q0WCN0,,18.0153,18.0153
YPO3172,Q0WCB1,,18.0153,18.0153
YPO3742,Q0WAR6,,18.0153,18.0153
YPO3037,Q7CJH9,,18.0153,18.0153
YPO3173,Q0WCB0,,18.0153,18.0153
YPO3036,Q0WCN2,,18.0153,18.0153
YPO2908,Q0WCZ6,,18.0153,18.0153
YPO4039,Q74QR1,,18.0153,18.0153
YPO0926,Q7CGS3,,18.0153,18.0153
YPO0922,Q7CGS4,MAIRIAINGFGRIGRSVLRALYESGRRAEISVVAINELASAEGMAHLLKYDSSHGRFAWDVRQECDSLYVGDDIIRLIHQSEIEQLPWSELGIDVVLDCSGVYGSREDGEAHVASGAKKVLFAHPGGHDLDATVVYGVNHQDLRAEHRIVSNASCTTNCIIPIIQLLDIAYGIESGTVTTIHSSMNDQPVIDAYHQDLRRTRAASQSIIPVDTKLAAGITRIFPKFCDRFEAISVRVPTINVTAIDLSVSVTHPVGVAEVNQLLQKAARGAFRGIVDYTELPLVSMDFNHDPHSAIVDGTQTRVSGQHLIKTLVWCDNEWGFANRMLDTTLAMAKSGF,37014.58940000008,148058.3576000003
YPO2525,Q74T55,,18.0153,72.0612
YPO2295,Q7CIJ2,,18.0153,72.0612
YPO0783,Q0WIQ0,,18.0153,72.0612
YPO3358,Q0WBT7,,18.0153,72.0612
YPO3865,Q0WAE5,MSTDKTGSTNNEPSVDNELDIRGLCRTLWRGKVWIIGMAIIFAAIALGVSYLVKQQWSATAITDKPTVNNLGGYYSQQQFLRNLDIRLNSGLVSEQPGISDEAYGEFITQLAAYDTRRDFWLQSDYYKQRLEGDAKADAALLDELVNNIVFTARDDKKIPNDSIKLTAETASDANKLLRGYIDFASQRASSHLNDEIQGAWAARTQSMKAQVKRQEAVAQAVFDREVAAVKQALKVAGQQGITSSQTDTPAEQLADSKMFMLGKPMLEARLETLLATGPSFDIDYDQNRAMLATLNVGPTLDDKFQTYRYLRTPEDPVTRDSPRRVFLLIMWGAIGALVGAGVVLVRRSSKAL,39113.84880000003,39113.84880000003
YPO3856,Q0WAF4,,18.0153,18.0153
YPO1614,Q0WGG3,,18.0153,18.0153
YPO3858,Q7CKZ1,,18.0153,18.0153
YPO3180,Q7CK42,,18.0153,18.0153
YPO2559,Q0WDW8,,18.0153,18.0153
YPO3766,Q0WAP3,,18.0153,18.0153
YPO3740,Q0WAR8,,18.0153,18.0153
YPO2067,Q7CIC5,,18.0153,18.0153
YPO0085,Q0WKK9,,18.0153,18.0153
YPO2533,Q7CJ78,,18.0153,18.0153
YPO0365,Q0WJU5,,18.0153,18.0153
YPO1374,Q7CHI6,,18.0153,18.0153
YPO1648,Q7CIZ7,MSVLENRVRLSGLVLMLSGLAAITAPVAAEPSGYTLERVVILSRHGVRSPTKQTQLMNDVTPDKWPQWPVKAGYLTPRGAELVTLMGGFYGDYFRSLGLLAAGCPAEGGVYAQADIDQRTRLTGQAFLDGVAPGCGLTVHNQADLKKTDPLFHPVEAGVCKLDAAQTDKAIEEQLGGPLDTVSQRYAKPFAQMGDVLNFAASPYCKSLQQQGKTCDFAHFAANEVNVNKEGTKVTLSGPLALSSTLGEIFLLQNAQAMPEVAWQRLKGAENWVSLLSLHNAQFNLMAKTPYIARHKGTPLLQQIDTALTLQLDAQGQKLPISAQNRVLFLGGHDTNIANIAGMLGADWQLPEQPDNTPPGGGLVFELWQNPDNHQRYVAVKMFYQTMDQLRNAEKLDLKNNPAGIISVAVAGCENNGDDKLCELDTFQKKVAKVIEPACHI,47784.077900000004,47784.077900000004
YPO3376,Q0WBS0,,18.0153,18.0153
YPO3696,Q7CL80,,18.0153,18.0153
YPO2232,Q0WET4,,18.0153,18.0153
YPO3378,Q7CKD1,,18.0153,18.0153
YPO3697,Q7CL81,MRARNLYGKDDKMGKVKQQDIDQLIVLVGGRENIATVSHCITRLRFVLKDPSIASPKEIENLSMVKGCFTNAGQFQVVIGPEVDDYYKALIAKIGQSEVDKEQTKLAARQNMTWFERGISHFAEIFFPLLPALISGGLILGFRNVIGDIPMSEGKTLAQMYPAWQTIYDFLWLLGEAIFFYLPVAICWSTVKKMGGTPVLGIVLGITLVSPQLMNSYLLGQQLPDVWNFGWFTIEKVGYQAQVIPSILAGLALGWIETNLKRIIPAYLYLVVVPVVSLLLAVFLAHTLIGPFGRMIGDGVAWGVKAVMTGSFAPVGAALFGFLYAPLVITGVHQTTLAIDMQMVQSMGGTPVWPLIALSNIAQASAVLGIIIISRKINEREISVPAAISAYLGVTEPAMYGINLKYRFPMLCAMIGSALAGLICGLTGVMANGIGVGGLPGILSIQPQFWGIYAVAMLVAIVVPLALTILVYKRKERRGELPV,52461.7674,52461.7674
YPO3193,Q0WC90,,18.0153,18.0153
YPO2203,Q0WEW4,,18.0153,18.0153
YPO3141,Q0WCE2,,18.0153,18.0153
YPO0945,Q0WI96,,18.0153,18.0153
YPO2204,Q0WEW3,,18.0153,18.0153
YPO1285,Q7CHD8,,18.0153,18.0153
YPO2167,Q7CIH9,,18.0153,18.0153
YPO0157,Q0WKE5,,18.0153,18.0153
YPO3383,Q0WBR3,,18.0153,18.0153
YPO0161,Q7CFW0,,18.0153,18.0153
YPO2074,Q0WF82,,18.0153,18.0153
YPO3768,Q0WAP1,,18.0153,18.0153
YPO1209,Q7CH92,,18.0153,18.0153
YPO0920,Q7CGS5,,18.0153,18.0153
YPO0160,Q7CFW1,,18.0153,18.0153
YPO2369,Q0WEF3,,18.0153,18.0153
YPO2705,Q0WDI6,,18.0153,18.0153
YPO1054,Q0WHZ1,,18.0153,18.0153
YPO3520,Q0WBC9,MKTLGEFIVEKQLDFSHATGELTALLSAIKLGAKIIHRDINKAGLVDILGASGVSNIQGEDQMKLDLFANEKLKAALKARGEVAGIASEEEDDIVIFDGGRAENAKYVVLMDPLDGSSNIDVNVSVGTIFSIYRRITPFGTPITEEDFLQPGTKQVTAGYVVYGSSTMLVYTTGYGVHAFTYDPSLGVFCLSHEKVRYPATGCMYSINEGNYIKFPLGVKKYIKYCQEQDEATKRPYTSRYIGSLVADFHRNLLKGGIYIYPSTASHPQGKLRLLYECNPMAFLAEQAGGKATDGVNRILDIVPEKLHQRAPFFVGTKSMVEDAEGFIAKFPDEEAK,36995.812600000034,147983.25040000014
YPO0550,Q0WJB7,,18.0153,72.0612
YPO3117,Q0WCG3,,18.0153,72.0612
YPO3863,Q0WAE7,,18.0153,72.0612
YPO4056,Q7CFQ4,,18.0153,72.0612
YPO3446,Q0WBK1,,18.0153,72.0612
YPO3513,Q7CKJ8,,18.0153,72.0612
YPO3864,Q0WAE6,,18.0153,72.0612
YPO4057,Q7CFQ3,,18.0153,72.0612
YPO1056,Q0WHY9,,18.0153,72.0612
YPO3625,Q0WB28,,18.0153,72.0612
YPO3569,Q0WB82,,18.0153,72.0612
YPO0132,Q74Y42,,18.0153,72.0612
YPO1389,Q0WH26,,18.0153,72.0612
YPO2621,Q7CJU6,,18.0153,72.0612
YPO0555,Q0WJB2,,18.0153,72.0612
YPO2227,Q0WET9,,18.0153,72.0612
YPO2982,Q0WCT2,,18.0153,72.0612
YPO3390,Q74XT8,,18.0153,72.0612
YPO0553,Q0WJB4,,18.0153,72.0612
YPO0556,Q0WJB1,,18.0153,72.0612
YPO3392,Q7CKD5,,18.0153,72.0612
YPO0909,Q7CGT0,,18.0153,72.0612
YPO3760,Q0WAP8,,18.0153,72.0612
YPO3391,Q74XT9,MALTLSPLLLSLPSLVAAAPKSDQPLLNIDRVIDIQRDIDTKRVVALEWLPVELLLALGVTPFGVADIHNYRLWVGEPALPADVINVGQRTEPNLELLQQMAPSLILLSQGYGPSPEKLAPIAPTMSFAFNEQGSSPLAVGKNSLQTLGQRLGLETAAQQHLADFDHFMLAARARLSGDTQTPLLMFSLLDPRHALIIGNGSLFQDVLSTLNIENAWQGETNFWGSAVVGIERLATIKTARAVCFGHGNNEMLQQVARTPLWQSLSFVRENQLRLLPPVWFYGATLSAMRFVRLLEQAWGKAP,33226.04470000002,132904.17880000008
YPO1324,Q0WH89,,18.0153,72.0612
YPO3910,Q0WAA3,,18.0153,72.0612
YPO1766,Q7CHV7,,18.0153,72.0612
YPO1049,Q0WHZ6,,18.0153,72.0612
YPO2773,Q0WDB8,,18.0153,72.0612
YPO1139,Q0WHQ9,,18.0153,72.0612
YPO3769,Q0WAP0,MISMKYRDLRDFLSLLEQRGELKRISQPIDPYLEMTEIADRTLRAGGPALLFENPKGYSMPVLCNLFGTAKRVAMGMGQEDVSALRDVGKLLAFLKEPDPPKGFRDLFDKLPKFKQVLNMPTKRLNSAPCQEQVWQGEDVDLSRIPVMHCWPEDAAPLVSWGLTITRGPHKERQNLGIYRQQVLGKNKLIMRWLSHRGGALDYQEWCEAHPGERFPVAVALGADPATILAAVTPVPDTLSEYAFAGLLRGHKTEVVKCLSNDLEVPASAEIVLEGYIEQGDMAPEGPYGDHTGYYNEIDNFPVFTVTHITQRQDAIYHSTYTGRPPDEPAVMGVALNEVFVPILQKQFPEIVDFYLPPEGCSYRLAVVTIKKQYAGHAKRVMMGIWSFLRQFMYTKFVIVCDDDINARDWNDVIWAITTRMDPSRDTVLIENTPIDYLDFASPVSGLGSKMGLDATNKWPAETPREWGRPIKMDEDVRARIDALWDELAIFSDKDAKR,56309.97570000008,337859.8542000005
YPO2635,Q7CJU0,,18.0153,108.0918
YPO2174,Q0WEZ0,,18.0153,108.0918
YPO2420,Q0WEA5,,18.0153,108.0918
YPO2422,Q0WEA3,,18.0153,108.0918
YPO0088,Q7CLC7,,18.0153,108.0918
YPO3779,Q0WAN2,,18.0153,108.0918
YPO1138,Q7CH58,,18.0153,108.0918
YPO0893,Q0WIE7,,18.0153,108.0918
YPO0551,Q7CGA9,,18.0153,108.0918
YPO0960,Q7CGQ9,,18.0153,108.0918
YPO0561,Q0WJA6,,18.0153,108.0918
YPO3519,Q7CKK2,,18.0153,108.0918
YPO0045,Q0WKP7,,18.0153,108.0918
YPO1046,Q0WHZ9,,18.0153,108.0918
YPO2527,Q7CJ76,MSTSVFNRRWAALLLEALTRHGVRHICIAPGSRSTPLTLAAAANPSLVCHTHFDERGLGHLALGLAKASTEPVAVIVTSGTAVANLYPALIEAGLTGERLILLTADRPPELIDCGANQAIRQQGLFASHPTLSVNLPRPTPDISARWLVSTLDSAMAQLQHGALHINCPFAEPLYGGDEQQYADWSASLGDWWQDCHPWLRQTCYPPSLYQPPAQQADWFFWRQKRGVVIAGRMGAQEGRQLTAWAAMLGWPLIGDVLSQTGQPLPCADLWLAHPRAQETLAQAQMVLQFGSSLTSKRLLQWQTACQPQEYWLVDSAPGRLDPANHRGRRIICPVGEWLSRHPAQRRTPWATELAAYSESAQAQVIETLAGQFSEAAVAHQLAELLPDNGQLFVGNSLIVRLIDALGQLPAGYPVYSNRGASGIDGLLSTAAGVQRATAKPTLAIVGDLSALYDLNALALLRQSSAPMVLLVINNNGGQIFSLLPTPEAERQRFYCMPQDVNFEHAAVMFSLGYARPNSWPQLRELAHQCWLRGGTTLIEVQVPPSQGAETLQQLVQQVTLIPQVAP,61775.8298000001,123551.6596000002
YPO2421,Q0WEA4,,18.0153,36.0306
YPO1851,Q0WFU3,MANTTMGVKLDEATRDRIKSAAQRIDRTPHWLIKQAIFNYLEKLESNSELPELATTSSLSLQDTEDAIPQLTENTHQPFLDFAEHVLPQSVTRAAITAAYRRPETEAIPMLLEQARLPADLAQATHKLAYSIAEKLRNQKSAHGRAGMVQGLLQEFSLSSQEGVALMCLAEALLRIPDKPTRDALIRDKISNGNWHSHLGRSPSMFVNAATWGLLFTGRLVSTHNEAKLSGSLNRIIGKGGEPLIRKGVDMAMRLMGEQFVTGETISEALANARKLEDKGFRYSYDMLGEAALTEADAQAYLLSYQQAIHAIGKASNGRGIYEGPGISIKLSALHPRYSRAQYERVMDELYPRLLSLTLQARQYDIGINIDAEEADRLEISLDLLERLCFEPQLAGWNGIGFVIQAYQKRCPSTIDAVIDMAQRSRRRLMIRLVKGAYWDSEIKRAQIDGLEGYPVYTRKVYTDVSYLACARKLLAVPNLIYPQFATHNAHTLSAIYHLAGQNYYPGQYEFQCLHGMGEPLYEQVVGKVAEGKLNRPCRIYAPVGTHETLLAYLVRRLLENGANTSFVNRIADATLPLDELVADPVSAVEAMAAAEGQLGLPHPRIPLPRELFGKDRANSSGVDLANEHRLASLSSALLASASQVWRAEPVIDAEQDNGDALPVINPAEPADVVGYVREATEGEVSRALDAAARAGAIWFATPPAERAAILIRAAELMENQMQTLMGILVREAGKTFSNAIAEVREAVDFLHYYAGIVRDNFANDSHRPLGPVVCISPWNFPLAIFTGQVAAALAAGNSVLAKPAEQTPLIAAQAVRILLDAGIPQGVLQLLPGRGDSVGALLVNDARVRAVMFTGSTEVATILQRSIAGRLDPQGRPTPLIAETGGLNAMIVDSSALTEQVVTDVVASAFDSAGQRCSALRILCIQDDVAEHTLQMLRGAMAECRMGNPERLSTDIGPVIDAEAKTGIERHIQAMRAKGRKVYQAARTNSLDEKEWQRGTFIKPTLIELDSFDELQKEVFGPVLHVVRFQRQHLNELVDQINASGYGLTLGIHTRIDETIARVTEKAKVGNLYVNRNMVGAVVGVQPFGGEGLSGTGPKAGGPLYLYRLLSSRPDDALANTLAHQDGEQQQNVAGREALLTAHRAFTQWATEQQHDSLATLCQRYASLAQGGTVRLLPGPTGERNTYALLPRERVLCLADTESDTLTQLAAVLATGSQVLWPENDVQKALLPQLPTEVQSRITLTHDWQTANITFDAVIYHGDADQLRTLCEQVAQIDGPIVSVQGFARGETNILLERLLIEHSLSVNTAAAGGNASLMTIG,144378.6640000002,288757.3280000004
YPO3851,Q0WAF9,,18.0153,36.0306
YPO0942,Q7CGR8,,18.0153,36.0306
YPO3850,Q7CKY7,,18.0153,36.0306
YPO3402,Q0WBP4,,18.0153,36.0306
YPO2223,Q7CIL4,,18.0153,36.0306
YPO3734,Q0WAS4,,18.0153,36.0306
YPO0552,Q0WJB5,,18.0153,36.0306
YPO3418,Q7CKE5,,18.0153,36.0306
YPO2827,Q0WD71,,18.0153,36.0306
YPO3419,Q7CKE6,,18.0153,36.0306
YPO3075,Q0WCJ3,,18.0153,36.0306
YPO2370,Q0WEF2,,18.0153,36.0306
YPO3443,Q0WBK4,,18.0153,36.0306
YPO4082,Q0W9V2,,18.0153,36.0306
YPO2930,Q0WCX8,,18.0153,36.0306
YPO4037,Q7CFR1,,18.0153,36.0306
YPO0493,Q0WJH2,,18.0153,36.0306
YPO2763,Q0WDC8,,18.0153,36.0306
YPO4036,Q7CFR2,MPYLLEMKDITKQFGVVKAVDNISLTLEAGQVLSLCGENGSGKSTLMKVLCGIYPVGSYQGEIIFSGETLQAKNIRETEQKGIAIIHQELALVKQMSVLENMFLGSEWGRFGIMDYDAMYLRCQRMLAQVKLVVDPHTPVSELGLGQQQLVEIAKALNKQVRLLVLDEPTASLTESETAILLDIIRDLRNHGIACIYISHKLNEVKEISDHICVIRDGRHIGTRPASTMSEDDIIAMMVGRELKELYPHEAHHIGEEILRVENLCAWHPVNRHIRRVDDVSFSLKRGEILGIAGLVGSGRTETVQCLFGVYPGRWQGDIFIKGQAATIRTCQQAMKLGIAMVPEDRKKDGIVPVMGVGANITLAALDDFTGAFSLLDDAKEQSIIVQSLARLKVKTSSSELAIARLSGGNQQKAILAKCLLLNPQILILDEPTRGIDIGAKYEIYKLINQLVQQGIAVIVISSELPEVLGLSDRVLVMHQGRIKADLINHNLTQEKVMEAALRSETHVTS,56248.82440000007,56248.82440000007
YPO4035,Q74QR5,,18.0153,18.0153
YPO0078,Q0WKL6,,18.0153,18.0153
YPO4038,Q0W9Y7,,18.0153,18.0153
YPO1383,Q0WH32,,18.0153,18.0153
YPO2059,Q7CIC1,,18.0153,18.0153
YPO1381,Q0WH34,,18.0153,18.0153
YPO3500,Q0WBE9,,18.0153,18.0153
YPO2061,Q0WF95,,18.0153,18.0153
YPO2060,Q7CIC2,MMPILVTLNKISVTFGSRRVLNDISLSLRPGKILTLLGPNGAGKSTLVRVVLGLIPPSSGSLVREPGLRIGYVPQKLHLDATLPLTVSRFMRLKPGVKKADILPALTRVQAAHLLDQPMQKLSGGENQRVLLARALLNRPQLLVLDEPTQGVDVNGQLALYDLIEQLRKELGCAVLMVSHDLHLVMAKTDEVLCLNQHICCSGAPEVVSTHPEFIAMFGNRGAEQLAVYRHNHNHRHDLHGKIILKNSGSRGA,27620.180500000024,27620.180500000024
YPO3718,Q0WAT9,,18.0153,18.0153
YPO0921,Q0WIB9,,18.0153,18.0153
YPO1149,Q0WHQ0,,18.0153,18.0153
YPO0156,Q0WKE6,,18.0153,18.0153
YPO1133,Q0WHR3,,18.0153,18.0153
YPO2686,Q0WDK4,,18.0153,18.0153
YPO3179,Q74WT5,,18.0153,18.0153
YPO2912,Q7CJP7,,18.0153,18.0153
YPO1867,Q0WFS7,,18.0153,18.0153
YPO2734,Q0WDF7,,18.0153,18.0153
YPO1540,Q7CHS1,,18.0153,18.0153
YPO2735,Q0WDF6,,18.0153,18.0153
YPO2736,Q7CJC1,,18.0153,18.0153
YPO1539,Q7CHS0,,18.0153,18.0153
YPO2428,Q0WE97,,18.0153,18.0153
YPO2816,Q7CJY4,,18.0153,18.0153
YPO2429,Q0WE96,,18.0153,18.0153
YPO1050,Q7CH16,,18.0153,18.0153
YPO3967,Q0WA50,,18.0153,18.0153
YPO2298,Q0WEM3,,18.0153,18.0153
YPO3660,Q0WAZ2,,18.0153,18.0153
YPO4117,Q7CFM9,,18.0153,18.0153
YPO3243,Q0WC43,,18.0153,18.0153
YPO3577,Q0WB74,,18.0153,18.0153
YPO4114,Q0W9S3,,18.0153,18.0153
YPO2063,Q7CIC3,,18.0153,18.0153
YPO4116,Q0W9S1,,18.0153,18.0153
YPO1650,Q0WGC8,MMCIDKPESDPLILTLPNTRWDQNAEDNTGAIEALEQGKVLFLPHLTFELSEQEKQLLDPTLVDVKRKNISFKPLEGVLTGVTDASKIALTRQLLDRYYQSCLSLVQQLLPVYTHALHSPTNSLRLHPVAAWRDSTSWRKDDSRLHVDAFPSRPNYGERIIRIFTNINPHGEARSWRVGEDFTQLASRYLPQLDSYSSLSSWLQHKIGITKRPRSHYDHLMLQLHDKMKADLAYQKDGLQQAIEFPPGSSWICFSDQTPHAAMGGQFMLEQTLLLPVEGMKSSQRSPLKILEALTQKTLI,34225.730800000034,34225.730800000034
YPO4115,Q0W9S2,,18.0153,18.0153
YPO3632,Q0WB21,,18.0153,18.0153
YPO3834,Q7CKY0,,18.0153,18.0153
YPO1654,Q7CIZ3,MTSQEKVPLQVQLSLPQILSRRDWENPQITQYHRLEAHPPFHSWRDVESAQKDRPSPQQQTLNGLWSFSYFTQPEAVPEHWVRCDLAEAKPLPVPANWQLHGYDAPIYTNIQYPIPVNPPRVPDLNPTGCYSRDFTLEPSWLASGKTRIIFDGVSSAFYLWCNGQWVGYSQDSRLPAEFDLTPYLQAGSNRIAVLVLRWSDGSYLEDQDMWRMSGIFRDVKLLHKPEIHLRDIHIMTHLSPEFTSANLEVMAAVNIPSLQLNDPQVTGSYQLRVQLWLADKLVASLQQPLGTQAIDERGPYTDRTQLVLRIDQPLLWSAEQPTLYRAVVSLLNHQQELIEAEAYDVGFRQVAIHQGLLKINGKAVLIRGVNRHEHHPQTGQAIDEESLLQDILLMKQHNFNAVRCSHYPNHPLWYRLCDRYGLYVVDEANIETHGMQPMSRLSDDPSWFSAFSERVTRMVQRDRNHPCIIIWSLGNESGHGATHDALYRWIKTNDPTRPVQYEGGGANTLATDILCPMYARVDEDQPFPAVPKWSIKKWIGLPNESRPLILCEYAHAMGNSFGGFARYWQAFRQYPRLQGGFIWDWVDQSLTHHNDHGQPYWAYGGDFGDTPNDRQFCMNGLVFPDRSPHPSLYEAQCAQQFFQFSLLSTTPLVINITSEYLFRESDNEQLYWRIMLEGESVLEGSQPLNLSPESSQCYRLAEKLPTLNKPGQLWLNVEIRQPKETPWSPAQHRSAWHQWRLPQPLFSPSSDLTNATAHYAPQLQHNLQLQHDLQLQQDEQHIKVTYQQQCWQFSRQTGRLAQWWVADKPMLLRPLQDQFVRAPLDNDIGISEATHIDPNAWVERWKKAGMYQLQQRCLSLHVDHLSHSVQISAEYGYEFEQEPLLHSHWVYRFDRHGRMTIDVNVRIATSLPAPARIGMCCQLADISPTVEWLGLGPHENYPDRQLAAQYGHWSLPLEQMHTAYIFPSENGLRCNTHTLNYGRWTLTGDFHFGISRYSTQQLMVTSHQHLLEPEEGTWLNIDGFHMGVGGDDSWSPSVHIDDILTRETYQYQICWQYKV,122623.58870000028,490494.35480000114
YPO3097,Q9RCC3,MPKLTCFKAYDIRGRLGDELNEDIAYRIGRAYGEFAKPKKVVVGGDVRLTSESLKLALSQGLQDAGTDVLDIGLSGTEEIYFSTFHLGVDGGIEVTASHNPIDYNGMKLVREGSRPISGDTGLRDIQYLAEQNEFPPVDSEKRGGYKKISIINDYVEHLINYINPSLFKPLKLVVNTGNGAAGHVIDALEKRFSELKIPITLIKIHHEPDGTFPNGIPNPLLPECRQDTTDAVLMHDADMGIAFDGDFDRCFFFNNKGEFIEGYYIVGLLAEAFLQKNAGAKIIHDPRLSWNTIDIVNSSGGTPIMSKTGHAFIKERMREEDAVYGGEMSAHHYFRDFAYCDSGMIPWLLIAELLCVKEKSLEQLVEERMRIYPASGEINSKLTDPTSAIARVRAEYEVKAIAIDETDGISMEFDGWRFNLRSSNTEPVVRLNVESHYNKTLMHHKTAEILSLLRKE,51112.48650000006,204449.94600000023
YPO1916,Q9Z396,MKISEFLHLALPEEQWLPTISGVLRQFAEEECYVYERQPCWYLGKGCQARLHINADGTQATFIDDAGEQKWAVDSIADCARRFMAHPQVKGRRVYGQVGFNFAAHARGIAFNAGEWPLLTLTVPREELIFEKGNVTVYADSADGCRRLCEWVKEAGTTTQNAPLAVDTALNGEAYKQQVARAVAEIRRGEYVKVIVSRAIPLPSRIDMPATLLYGRQANTPVRSFMFRQEGREALGFSPELVMSVTGNKVVTEPLAGTRDRMGNPEHNKAKEAELLHDSKEVLEHILSVKEAIAELEAVCQPGSVVVEDLMSVRQRGSVQHLGSGVSGQLAENKDAWDAFTVLFPSITASGIPKNAALNAIMQIEKTPRELYSGAILLLDDTRFDAALVLRSVFQDSQRCWIQAGAGIIAQSTPERELTETREKLASIAPYLMV,47987.18200000009,191948.72800000035
YPO3758,Q0WAQ0,,18.0153,72.0612
YPO3657,Q0WAZ6,,18.0153,72.0612
YPO3115,Q7CK09,MEIQVKAVILAGGLGTRLSEETVVKPKPMVEIGGKPILWHIMKLYSSYGINDFVICCGYKGYVIKEYFANYFMHMSDITFCMRDNEMIVHQKRVEPWNVTLVDTGEDSMTGGRLRRVKDYVKDDEAFCFTYGDGVSDVNIAELIEFHKSHGKQATLTATYPPGRFGALDIKDKQVRSFKEKPKGDGALINGGYFVLSPKVIDLIDGDKSTWEQEPLMTLAAQGELMAFEHAGFWQPMDTLRDKIYLHELWEEGRAPWKVWE,29761.901900000008,119047.60760000003
YPO1358,Q7CHH9,,18.0153,72.0612
YPO3521,Q0WBC8,,18.0153,72.0612
YPO3113,Q9RCD0,MSQEELRQQIAELVAQYAETAMAPKPFEAGKSVVPPSGKVIGTKELQLMVEASLDGWLTTGRFNDAFEKKLGEYLGVPYVLTTTSGSSANLLALTALTSPKLGVRALKPGDEVITVAAGFPTTVNPTIQNGLIPVFVDVDIPTYNVNASLIEAAVSDKTKAIMIAHTLGNLFDLAEVRRVADKYNLWLIEDCCDALGSTYDGKMAGTFGDIGTVSFYPAHHITMGEGGAVFTQSAELKSIIESFRDWGRDCYCAPGCDNTCKKRFGQQLGSLPFGYDHKYTYSHLGYNLKITDMQAACGLAQLERIEEFVEKRKANFKYLKDALQSCADFIELPEATENSDPSWFGFPITLKEDSGVSRIDLVKFLDEAKVGTRLLFAGNLTRQPYFHDVKYRVVGELTNTDRIMNQTFWIGIYPGLTHDHLDYVVSKFEEFFGLNF,48317.433000000034,193269.73200000013
YPO3771,Q7CKU7,,18.0153,72.0612
YPO2672,Q7CJS5,,18.0153,72.0612
YPO3929,Q0WA86,,18.0153,72.0612
YPO0048,Q74YA6,,18.0153,72.0612
YPO2958,Q7CJD9,,18.0153,72.0612
YPO2960,Q0WCV3,,18.0153,72.0612
YPO1914,Q9Z375,MKDNNPADNLAWRVIWRQLISSVGSQARMLRRSMLALLLAAFMQGIAFACLYPIIDALLRGDAPQLLNWAMAFSVAAIVTLVLRWYGLGFEYRGHLAQATHELRLRLGEQLRRVPLEKLQRGRAGEMNALLLGSVDENLNYVIAIANILLLTIVTPLTASLATLWIDWRLGLVMLLIFPLLVPFYYWRRPAMRRQMQTLGEAHQRLSGDIVEFAQGMMVLRTCGSDADKSRALLAHFNALENLQTRTHRQGAGATMLIASVVELGLQVVVLSGIVWVVTGTLNLAFLIAAVAMIMRFAEPMAMFISYTSVVELIASALQRIERFMAIAPLPVAEQSEMPERYDIRFDNVSYRYEEGDGHALNHVSLTFPAASMSALVGASGAGKTTVTKLLMRYADPQQGQISIGGVDIRRLTPEQLNSLISVVFQDVWLFDDTLLANIRIARPQATRQEVEEAARAAQCLEFISRLPQGWLTPMGEMGGQLSGGERQRISIARALLKNAPVVILDEPTAALDIESELAVQKAIDNLVHNRTVIIIAHRLSTIAGAGNILVMEEGQVVEQGTHAQLLSHHGRYQALWQAQMAARVWRDDGVSASGEWVHE,66463.57190000021,265854.28760000085
YPO0138,Q0WKG4,,18.0153,72.0612
YPO2440,Q0WE84,,18.0153,72.0612
YPO1312,Q7CHF4,,18.0153,72.0612
YPO1926,Q9ZC36,MDIRALYDEKLTTPEEAVSSIASGSHLSMGMFAAEPPALLKALADRATRGDIGDLRVYYFETAKIAGDTILRYELNNRIKPYSMFVTAVERALIRRGIEDGGRKVVNYVPSNFHQAPRLLAEEIGIDTFMHTVSPMDCHGYFSLGVGNDYSSRIARSARRFIVEVNRYMPRVQGEAAAIHISEVDAIVENHVPLIEMPVRSAIPEYTSISHIIADLVPDGACLQMGVGALPNLVCGVLKDRNDLGIHTEVLNPGLVDLIRRGVVTNQRKTLDRGRSVFTFAMGQQEMYEYLNDHPAIFSRPVDYVNDPHIIAQNDNVVSINATLQIDLTGACNSEHMLGHQYSASGGQLDFVRGAYASKGGRSIIATPSTAAKGTVSRIIPRIDGPVTTPRIDTHYIVTEFGAVNLKGLSSTERALRIIELAHPDFRDELTQAAKKMHLI,48394.69490000008,193578.77960000033
YPO1913,Q9R7V3,MSSQSSNTESLSRFPLWQVITPVRRKVILAMALAGLAALTSLGALLFLAWSLRDIRATPDAIPAWPLGGVIGCVVLTFVLRLQAFNTSHYAAFHLENILRSRLARKALQLPPGVLQQMGSGSVAKVMLDDVKSLHIFVADSTPLYARAIIMPLATIVILFWLDWRLAIATLGVLAFGSVVLVLARQRSEDMAQRYHKAREQVSAAVIEFVQAMPVVRTFDSGSTSFLRYQRALEEWVDVLKTWYRKAGFSARFSFSILNPLPTLFVLIWSGYGLLHYGSFDFIAWVAVLLLGSGMAEAVMPMMMLNNLVAQTRLSIQRIYQVLAMPELSLPQSDQQPQEASITFEQVSFHYPQARTGAALQEVSFHVPAGQIVALVGPSGAGKSTVARLLLRYADPDKGHIRIGGVDLRDMQTDTLMKQLSFVFQDNFLFADTIANNIRLGAPDAPLEAVIAAARVAQAHDFISALPEGYNTRVGERGVFLSGGQRQRITIARALLQDRPILVLDEATAFADPENEAALIKALAAAMRGRTVIMVAHRLSMVTQADVILLFSDGQLREMGNHTQLLAQGGLYQRLWQHYQQAQHWVPGGTQEEVVENERQ,66254.11750000018,265016.4700000007
YPO2836,Q0WD64,,18.0153,72.0612
YPO2439,Q0WE85,,18.0153,72.0612
YPO0439,Q0WJM5,,18.0153,72.0612
YPO2959,Q0WCV4,,18.0153,72.0612
YPO1311,Q7CHF3,,18.0153,72.0612
YPO3761,Q7CKU3,,18.0153,72.0612
YPO2441,Q0WE83,,18.0153,72.0612
YPO2904,Q7CJP1,,18.0153,72.0612
YPO2442,Q0WE82,,18.0153,72.0612
YPO1310,Q0WHA3,,18.0153,72.0612
YPO0057,Q0WKN5,,18.0153,72.0612
YPO2409,Q7CIT4,,18.0153,72.0612
YPO0416,Q0WJP6,MIKLRHFGDVLLTTPLLSTLKANYPQAKIDVLLYGGTQDMLRENKAINHTFIVDRGLKHAGLKAQISGEKALFSALKKQHYDLILNLSDQWRAAAYCRLLKPTFSIGFHYPKRDNWLWRYCHSTLVEIPNAAERHTVLNNLDILSPLQLTDIRTDVTMSYGPHDIERAKQLCQQHNIEHYILIQPSARWKFKTWASESFSELINHLTQQGETVLLTGSKDQAELDYIAEIIAGCTQPEKVINLSGQLALPELAVLIDNAKLFIGVDSVAMHMAAALQTPAVVLFGPSNLNQWHPWQAPHTLLWAGNYRTLPHPNEIDTDTTDRYLNAIPVSDVIDAVDSWRVAKGN,39069.292600000066,156277.17040000026
YPO3729,Q0WAS9,,18.0153,72.0612
YPO2828,Q0WD70,,18.0153,72.0612
YPO0056,Q0WKN6,,18.0153,72.0612
YPO4090,Q7CFN8,,18.0153,72.0612
YPO1542,Q0WGN0,,18.0153,72.0612
YPO2896,Q7CJN7,,18.0153,72.0612
YPO3059,Q0WCK9,,18.0153,72.0612
YPO3996,Q74QU7,MRVRRSLTIKQMAAVAVVALVTICIFIILQLFHFVQQRKDDYANQLESIAYSVRQPLSEAILSVDIPQAKKILNSLLPIGILSRAEVILPNQIQVLHANFPTERPIPHWAKRVFSLPVQITVPLYALERVPANPQPLAHLVLRADSFRMYQFILSALSAMLSTYLLLALVLSVSIAWCINRLIIHPLRAMAKELEDIGDHGVLHHQLTLPAHHQDDELGVLVRNYNRNQQLLADAYADMGRISHRFPVTELPNRSLFISLLEKEIASSTRTDHFHLLVIGIETLQEVSGAMSEAQHQQLLLTIVQRIEQCIDDSDLLAQLSKTEFAVLARGTRRSFPAMQLARRIMSQVTQPLFFDEITLRPSASIGITRYQAQQDTAESMMRNASTAMMAAHHEGRNQIMVFEPHLIEKTHKRLTQENDLLQAIENHDFTLFLQPQWDMKRQQVIGAEALLRWCQPDGSYVLPSGFVHFAEEEGMMVPLGNWVLEEACRILADWKARGVSLPLSVNISGLQVQNKQFLPHLKTLISHYHIDPQQLLLEITETAQIQDLDEALRLLRELQGLGLLIALDDFGIGYSSLRYLNHLKSLPIHMIKLDKSFVKNLPEDDAIARIISCVSDVLKVRVMAEGVETEEQRQWLLEHGIQCGQGFLFSPPLPRAEFEAQYFSSAHHVS,76128.39140000044,304513.5656000018
YPO0410,Q7CG48,MNLYRRYGWELTLAALLVLEILLFGLSNSRMLDINVLLFSTSDFICIGIVALPLTMVIVSGGIDISFGSTIGLCAIFLGIVFQAGVPMSVAIPLTVLVGALCGLINAGLILYTGVNPLVITLGTLYLFGGSALLLSGLSGATGYEGIGGFPAAFTDFANQTLFGLPIPLVIFMLCVLLFWLLMHRTHSGRHVFLIGQSSRVARYSALPIARTLCMLYAMTGVASAISAILLVSYFGSARSDLGASFLMPAITAVVLGGANIYGGSGSILGTALAVLLVGYLQQGLQMIGTPNQISSALSGALLILVVVGRSISLHRHLIYEWLQRRRSRKASA,35133.5191,35133.5191
YPO2921,Q0WCY7,,18.0153,18.0153
YPO1544,Q0WGM8,,18.0153,18.0153
YPO0425,Q9X5X6,MQSKLNMNSHSYDQFLKSKHRLSLLLFLFLNASSAIFSMLSSSPKTPAVTFPVVMIAVISLSAAAYLIFISKNDTGRNNYVDKNNYVDKSNHVDKNNYANKLNLFSILIGLLWAWQIILKYEYLETNEDNYLLLSLFTIFFISTIALSDNFLAFCLHTAPSAITVILLDDFHNIFRIIFTIMLPLIGFSLHHLMLRRTDNFTRKLVDHLSNEREKFSDLSMIDPLTSLYNRRGLESKLETLLSQSPGNHYVLLLDIDHFKAYNDNYGHTMGDQALVRISAAIRDAVRSRDIVVRYGGEEFLVLLTHVSEEYANQLAERVRQRVLGLDIPHVFNHKVSTTVTLSAGISPLQAYDLAASLKAADEALYRAKRNGRNNIEFAKDELSNVQSSP,44320.3195000001,44320.3195000001
YPO1068,Q7CH25,MRTSQYLLSTQKETPADAEVISHQLMLRAGMIRKLASGLYTWLPTGVRVLKKVENIVREEMNNAGAIEVSMPVVQPADLWQESGRWEQYGPELLRFVDRGERPFVLGPTHEEVITDLIRGEINSYKQLPLNFFQIQTKFRDEVRPRFGVMRAREFLMKDAYSFHTTQESLQETYDAMYTAYSKIFSRMDLNFRAVLADTGSIGGSASHEFQVLAESGEDDIVFSTGSDYAANIEFAEALAPTEPRAPATEELRIVDTPNAKTIAELVEQFKLPIEKTVKTLLVHAHEESGHKLVALLVRGDHDLNEIKAEKLPQVAKPLTFASEEEIRAAIGAGPGSLGPVNLSLPVIADHSVAVMSDFGAGANIDGKHYFGINWERDLALPLVADLRNVVEGDISPDGKGTLQIKRGIEVGHIFQLGTKYSEVMKATVQGEDGRNQVMTMGCYGIGVSRVVAAAIEQNHDDRGIIWPDAIAPFQVAILPMNMHKSFRVKELAEELYTTLRSHGIDVILDDRKERPGVMFADMELIGVPHNIVIGDRNLDSEEVEYKNRRVGEKQMIKTSEIVEFLLSQIKR,63855.083100000105,127710.16620000021
YPO0411,Q7CG49,MLKFIQNNREGTALLAILTLFALLGIIDRNYFSLQTFTMIFSSAQILILLAIGATLVMLTRNIDVSVGSITGLCAVTVGMALNAGFGLAASCLFALLVGMVAGFFNGILVTWLRIPAIVATLGTLGLYRGLMLLLTGGKWIEGLPADLKSLSTPILFSISPIGWLTMLLILAMAWLLGKTAFGRSFYATGDNLQGARQLGVRTDSLRIFAFSMNGVMAALAGIVFASQIGFIPNQTGNGLEMKAIAACVLGGISLLGGTGTIIGAILGAFLLTQIDSVLVLLRLPAWWNDFIAGLVLLGVLVFDGRLRCAVERNIRQQKYARFTAQAIISDKKPTVSDNNPAASNKKKAAL,37247.02700000002,37247.02700000002
YPO1581,Q0WGJ4,,18.0153,18.0153
YPO2013,Q0WFD9,,18.0153,18.0153
YPO1390,Q0WH25,,18.0153,18.0153
YPO0364,Q0WJU6,,18.0153,18.0153
YPO0442,Q7CG61,,18.0153,18.0153
YPO3273,Q0WC15,MMLSKFKRSKHQQHLAQLPKLPQSVDDVQTLYCPKVFRSTLLELIAQATKRIFLVALYLEQDDAGRDVMNALYQAKQSHPELEIYVLVDWHRAQRGRIGAAAVNTNADWYCDMAAKHPNISVPVYGVPVNTREALGVLHLKGFIIDDTVIYSGASINDVYLYQNDKYRYDRYQLITNPSLATIMVDYVKQRILSAGAVQRLDRNDRPTTPEIKNETRQFRSSLRDASYQFSAQAHNDELAVTPLVGLGKKSLLNKTIHHLMASADERLTICTPYFNLPALLVRNIIYLLREGKQVEIIVGDKTANDFYIPEDQPFKIIGALPYLYEINLRRFLSRLQPYVDNGQLIARLWKDGDNTYHLKGMWVDNNWQLITGNNLNPRAWRLDLENAILIHDPKHEMHEQRAKELECIRTHTKVVSHYLELENIQQYPVKVRKLIRRLRRIRIDRLISRIL,52490.86869999994,52490.86869999994
YPO2567,Q7CJ96,MSRTIMLIPTGTSVGLTSVSLGVIRSMEQKGVSLSVFKPIAQPRAGNDAPDQTTTIIRANSSITAAEPLNMNYVETLLSSNQQDVLMEEIVARYHENTKDAEVVLVEGLVPTRKHQFANALNYEIAKTLNAEIVFVIALGNDSPDQLKERIELARSSFGGSKNKNITGVIINKLNAPVDEQGRTRPDLSEIFDDSTKASVANIDPSQLFANSPIPVLGCVPWSFELIATRAIDMAKHLNARIINEGDIKTRRVKSVTFCARSIPHMLEHFRPGSLLVTSADRPDVLVSACLAAMNGVEIGAILLTGGYAIDDRINNLCERAFQTGLPVFMVDTNTWQTSLSLQSFNLEVPADDHERVEKLQNYVASHISSEWIDSLTAASERPRRLSPPAFRYELTELARKAGKRIVLPEGDEPRTIKAASICAERGIATCVLLGNPEEIQRVATSQGVELGKGVEIIDPVAVREQYVPRLVELRKSKGMTEVVAREQLEDNVVLGTLMLEKGEVDGLVSGAVHTTANTIRPPLQLIKTAPGSSLVSSVFFMLLPDQVLVYGDCAINPDPTAEQLSEIAIQSADSAAAFGIEPRVAMISYSTGNSGAGSDVEKVREATRLAQEKRPDLIIDGPLQYDAAIMADVAKSKAPNSPVAGRATVFIFPDLNTGNTTYKAVQRSADLISIGPMLQGMRKPVNDLSRGALVDDIVYTVALTAIQSAQADSAAS,77401.40420000043,464408.42520000256
YPO0053,Q0WKN9,,18.0153,108.0918
YPO1334,Q7CHG8,,18.0153,108.0918
YPO2846,Q0WD54,,18.0153,108.0918
YPO1331,Q0WH82,,18.0153,108.0918
YPO1332,Q7CHG6,,18.0153,108.0918
YPO1333,Q7CHG7,,18.0153,108.0918
YPO1171,Q74W93,,18.0153,108.0918
YPO2393,Q7CIS8,,18.0153,108.0918
YPO3786,Q0WAM5,,18.0153,108.0918
YPO3464,Q7CKG8,MARLIYLMGPSGAGKDCLLSALRNATPQNRVVAHRYITRPADAGAENHVALSKQEFIQRAEQGLFALHWQAHQHCYAIGIEINLWLQHGLDVLVNGSRAYLPEAQRRYRHQLLPLCLTVSPAILAQRLRQRGRENSEQIDARLQRAQHYQQQLPSHCLQLCNDGELQHTLNQLQQLLTLDTPLSDPVEDKPCN,21917.736100000002,131506.4166
YPO2391,Q7CIS6,,18.0153,108.0918
YPO3182,Q0WCA1,,18.0153,108.0918
YPO0008,Q7CLE4,,18.0153,108.0918
YPO2254,Q0WER7,,18.0153,108.0918
YPO3326,Q0WBW6,,18.0153,108.0918
YPO0007,Q7CLE5,MKKGVLLNADISAVISRLGHTDQIVIGDAGLPIPATTTRIDLALTRGVPGFLQVVDVVTQEMQVENAYLAEEIVKNNPQLHEALLVLLTQLEQRQENQIALRYISHEAFKEQTKQSRAVIRSGECSPFANIILGSGVTF,15233.349399999994,152333.49399999995
YPO3906,Q7CL05,,18.0153,180.153
YPO3908,Q7CL07,,18.0153,180.153
YPO3907,Q7CL06,,18.0153,180.153
YPO3318,Q9X6A9,MVNIYSMRRKIMKNTLLKSCLTAALISMAGVAGAASNGLIAIITPSHDNPFFKAEAEGAKAKATELGYTTLVASHDDDVNKQNQLIETAIARKAKAIILDNAGSDATIGPLKKAKAAGIPAFLIDREINETGIAVSQIVSNNYQGAQLGAEKFVTLMGGKGKYIELLGRESDTNAHVRSQGYHDVIDEHSDMKMVAQQTANWSQTEAFNRMESILQANPDITGVISGNDTMALGAEAALKAAGRNDVVVVGFDGSDYVRDSIINNGNIKATVLQPGWAQAQMAVVQADQYLKTGKTGLEEKQLMDCVLIDENNAKNLNVFALKD,34641.990899999975,346419.90899999975
YPO0958,Q7CGR1,,18.0153,180.153
YPO3964,Q7CG00,MNKVPLLEMRNITKSFGKFQALKGVDLTVFSGEIHALMGENGAGKSTLMKILAGAYTTTSGEILIEGRPWSIKGPKDALNAGISLIYQEMQLAPNLTVAENIFLGSELSRGGLVQRKEMVMQTQAVIDRLGAQFKASDLVMGLTIAEQQQVEIARALHRNSRILVMDEPTAALSTRETHRLFELILRLRDEGMAIIYISHRMAEVYELSDRVSVLRDGQYVGSLMRANLNANELVRMMVGRPLSDLFNKERDIPLGHLRLKVHHLTDGAKVQAVSLQVRSGEIVGLAGLVGAGRSELAQLIFGVRKATGGTIEIDGVPLVIHSPREAIRHGIGFLTENRKEQGLFLELAAQDNITMATLERDACYGLLDRKKARAISDDAINRLNIRVPHAQVRAGGLSGGNQQKLLISRWVAISPRILILDEPTRGVDVGAKSEIYRIMSQMAREGVAILMISSELPEVVGMSDRVYVMHEGRIAGELHHPDITQENIMTLATGVTEDHKKEVYHD,55845.02960000007,55845.02960000007
YPO2499,Q7CJ57,,18.0153,18.0153
YPO0330,Q0WJX8,,18.0153,18.0153
YPO0328,Q0WJY0,,18.0153,18.0153
YPO2649,Q0WDN7,MLNLYDADGRIQFDKDRLAARQYFLQHVNQNTVFFHNLQEKIDYLIEEGYYEKEVLDQYDFSFIKSLFQQAYSKKFRFPTFLGAFKYYTSYTLKTFDGKRYLERYEDRVCMVALTLATGNQTLARELVEEIISGRFQPATPTFLNCGKKQRGELVSCFLLRIEDNMESIGRSINSALQLSKRGGGVAFLLSNIREVGAPIKRIENQSSGVIPIMKMLEDAFSYANQLGARQGAGAVYLHAHHPDILRFLDTKRENADEKVRIKTLSLGVVIPDITFELAKNNEEMYLFSPYDIEQVYGVPMSEISISEKYREMVDNKRIRKSKIKAREFFQILAEIQFESGYPYMMFEDTVNRANPIKGRINMSNLCSEILQVNAPTEYHEDLSYRRIGKDISCNLGSLNIAQVMDSPDFGKSIEIAIRGLTAVSEMSNIRSVPSIEKGNQESHAIGLGQMNLHGYLARERLFYGSEEALDFTNIYFYTVAYHAIRASNQLAIERASHFKGFDESDYASGAFFSKYIEQSWQPKTARVQALFADAGIAIPNQQDWIALRQSVMEHGIYNQNLQAVPPTGSISYINHSTSSIHPIVSPIEIRKEGKIGRVYYPAPYMTNDNLEYYQDAYQIGPEKIIDTYAAATQHVDQGLSLTLFFRDTATTRDINKAQIYAWKKGIKTIYYIRLRQMALEGTEVEGCVSCSL,79180.05340000037,79180.05340000037
YPO2648,Q7CJT2,,18.0153,18.0153
YPO3455,Q7CKG2,MINGPGTRCTLFVSGCVHQCVGCYNKSTWRLNSGKPFTREMEDKIIADLNDSRIRRQGLSLSGGDPLHPQNLSAILQLVQRVHHECDGKDIWLWTGYTLAELTAEQQQVVDLINVLIDGKFVQDLKDPSLIWRGSSNQVIHCLR,16228.396599999996,16228.396599999996
YPO3454,Q7CKG1,,18.0153,18.0153
YPO0155,Q0WKE7,,18.0153,18.0153
YPO0915,Q0WIC5,,18.0153,18.0153
