reactions,metabolites,metabolitestotal,gpr,genes,similes,prosequence,mass,totalmass,metname
ADPT,ade_c,ade,Synpcc7942_2454,Synpcc7942_2454,C1=NC2=NC=NC(=C2N1)N,MDLKTLIREIPDFPKPGILFRDYTTVLKDPQGWRYSIDRLTELIKPLEPTAIVGIESRGFILGAPLAYQLGLGFVPVRKPGKLPADTHSVEYELEYGSDRLEIHQDALAPGDRVVVVDDLIATGGTASATATLIDRCSATLAGFAFVIELEGLNGRDRPWLEQYGRWLWQVVRYGNFGSSFVYQRPVADLLWERVPNTLLLAICSLITTWAIALPLGIQAAVAQNQRSDRILQLISYLGQGTPSFITALLLLFLAQFLTPLLPIGGMTSLDFEDLTPLQQMADLGRHLILPVLALTLSGFASLQRISRGEMLEVLRQDYIRTARAKGLPEQRVIYVHALRNAINPLITLLGFEFATLLSGAFIAEYFFNWPGLGRLILQAVFAQDLYLVMASLMMGAVMLILGNLLADLLLRWVDPRIRLDDLN,47200.59160000004,94401.18320000009,Adenine
ADPT,prpp_c,prpp,Synpcc7942_2454,Synpcc7942_2454,C(C1C(C(C(O1)OP(=O)([O-])OP(=O)([O-])[O-])O)O)OP(=O)([O-])[O-],MDLKTLIREIPDFPKPGILFRDYTTVLKDPQGWRYSIDRLTELIKPLEPTAIVGIESRGFILGAPLAYQLGLGFVPVRKPGKLPADTHSVEYELEYGSDRLEIHQDALAPGDRVVVVDDLIATGGTASATATLIDRCSATLAGFAFVIELEGLNGRDRPWLEQYGRWLWQVVRYGNFGSSFVYQRPVADLLWERVPNTLLLAICSLITTWAIALPLGIQAAVAQNQRSDRILQLISYLGQGTPSFITALLLLFLAQFLTPLLPIGGMTSLDFEDLTPLQQMADLGRHLILPVLALTLSGFASLQRISRGEMLEVLRQDYIRTARAKGLPEQRVIYVHALRNAINPLITLLGFEFATLLSGAFIAEYFFNWPGLGRLILQAVFAQDLYLVMASLMMGAVMLILGNLLADLLLRWVDPRIRLDDLN,47200.59160000004,94401.18320000009,5-Phospho-alpha-D-ribose 1-diphosphate
ORNTA,akg_c,akg,Synpcc7942_0034,Synpcc7942_0034,C(CC(=O)[O-])C(=O)C(=O)[O-],MFLCPFGNALYLLPPYCLTPTDLQEIYAAIANLLHGM,4128.894199999999,4128.894199999999,2-Oxoglutarate
ORNTA,orn_c,orn,Synpcc7942_0034,Synpcc7942_0034,C(CC(C(=O)[O-])[NH3+])C[NH3+],MFLCPFGNALYLLPPYCLTPTDLQEIYAAIANLLHGM,4128.894199999999,4128.894199999999,Ornithine
CYNTtabcpp,cynt_p,cynt,SYNPCC7942_RS10670 and SYNPCC7942_RS10675 and Synpcc7942_2107,Synpcc7942_2107,None,MVPPTLLEEQSKLLHSAACRCQDCYRLTTDHDRFLEDMPQDPEILMADFQKMGLFKPESIAIADRLTTSELRQALFFKNASQGDPEQEAMLRALAAEAGGLDQAFAAAFGPQAGRFFSNIQASGGVSRRVFLRNLVVGAALVTLTNCAQQAQQPDSPTTTGSGNLEKTDLKVGFIPITCATPIIMSDPLGFYQKYGLKVQVVKMPSWGAVRDSAIAGELDAYHMLAPMPIAMTLGLGSAPFSVKLASIENINGQAITVAKRHLGKVKEAKDFKGFVIGVPFPFSMHNLLLRYYLAAGGLNPDTDVQIRPVPPPDSIAQLVAGDIDAMLMPDPFNQRAVYEDAGFIHLLTKEIWNGHPCCAFAAGEPWIQENPNTFRALNKAIIEATGYASKAENRAEIAKAISSRQYLNQPPEVVEAVLTGKFPNGQGQELDVPDRIDFNPYPWQSFANWIQSQLVRWDLGKAAGVIQPDQYDKNGQAIYLTTEAQTLEKEVGLQPPTEIYREEKLAYDTFNPQDPVAYLASQKQKYGR,58127.61200000005,58127.61200000005,Cyanate
LALGP,LalaLglu_c,LalaLglu,Synpcc7942_1971,Synpcc7942_1971,CC(C(=O)NC(CCC(=O)[O-])C(=O)[O-])[NH3+],MLVCPVLDRIREVATRLEPRLLEIRRHLHAHPELSGHEHQTAAYVAGVLSSCGLQVREGVGRTGVVGDLPGTGRDRRCLALRTDMDALPIEEQTGLPFASRQQGIMHACGHDLHTTLGLGAAMVLSELGEPLPGDVRWLFQPAEEIAQGARWMVAAEALEGVDAILGVHVFPSIPAGVVGIRYGALTAAADDLEIVIQGESGHGARPHEAKDAIWIAAQIITMLQQAISRTQNPLRPVVLTIGQIQGGELLM,27006.814799999986,54013.62959999997,L-alanine-L-glutamate
NDH_1_4_um_copy2,fdxrd_c,fdxrd,SYNPCC7942_RS06865 and SYNPCC7942_RS07240 and SYNPCC7942_RS06045 and SYNPCC7942_RS06880 and SYNPCC7942_RS06875 and SYNPCC7942_RS08870 and SYNPCC7942_RS06870 and SYNPCC7942_RS06055 and SYNPCC7942_RS06050 and Synpcc7942_0413 and SYNPCC7942_RS11345 and SYNPCC7942_RS10050 and SYNPCC7942_RS12620 and SYNPCC7942_RS13830 and SYNPCC7942_RS09675 and SYNPCC7942_RS05670 and SYNPCC7942_RS03125 and SYNPCC7942_RS01575 and SYNPCC7942_RS01570,Synpcc7942_0413,None,MTVTLIIAALYLALAGAYLLVVPAALYLYLQKRWYVASSWERAFMYFLVFFFFPGLLLLAPLLNFRPRSRQIPA,8561.283299999992,8561.283299999992,Reduced ferredoxin
NDH_1_4_um_copy2,pq_um,pq_um,SYNPCC7942_RS06865 and SYNPCC7942_RS07240 and SYNPCC7942_RS06045 and SYNPCC7942_RS06880 and SYNPCC7942_RS06875 and SYNPCC7942_RS08870 and SYNPCC7942_RS06870 and SYNPCC7942_RS06055 and SYNPCC7942_RS06050 and Synpcc7942_0413 and SYNPCC7942_RS11345 and SYNPCC7942_RS10050 and SYNPCC7942_RS12620 and SYNPCC7942_RS13830 and SYNPCC7942_RS09675 and SYNPCC7942_RS05670 and SYNPCC7942_RS03125 and SYNPCC7942_RS01575 and SYNPCC7942_RS01570,Synpcc7942_0413,None,MTVTLIIAALYLALAGAYLLVVPAALYLYLQKRWYVASSWERAFMYFLVFFFFPGLLLLAPLLNFRPRSRQIPA,8561.283299999992,8561.283299999992,Plastoquinone
NDH_1_1_um_copy1,fdxrd_c,fdxrd,SYNPCC7942_RS06865 and SYNPCC7942_RS07240 and SYNPCC7942_RS06045 and SYNPCC7942_RS06880 and SYNPCC7942_RS06875 and SYNPCC7942_RS08870 and SYNPCC7942_RS06870 and SYNPCC7942_RS06055 and SYNPCC7942_RS06050 and Synpcc7942_0413 and SYNPCC7942_RS11345 and SYNPCC7942_RS10050 and SYNPCC7942_RS12620 and SYNPCC7942_RS13830 and SYNPCC7942_RS09675 and SYNPCC7942_RS05670 and Synpcc7942_0668 and Synpcc7942_0491 and SYNPCC7942_RS07360 and SYNPCC7942_RS10025,Synpcc7942_0413,None,MTVTLIIAALYLALAGAYLLVVPAALYLYLQKRWYVASSWERAFMYFLVFFFFPGLLLLAPLLNFRPRSRQIPA,8561.283299999992,18564.79629999999,Reduced ferredoxin
NDH_1_1_um_copy1,fdxrd_c,fdxrd,SYNPCC7942_RS06865 and SYNPCC7942_RS07240 and SYNPCC7942_RS06045 and SYNPCC7942_RS06880 and SYNPCC7942_RS06875 and SYNPCC7942_RS08870 and SYNPCC7942_RS06870 and SYNPCC7942_RS06055 and SYNPCC7942_RS06050 and Synpcc7942_0413 and SYNPCC7942_RS11345 and SYNPCC7942_RS10050 and SYNPCC7942_RS12620 and SYNPCC7942_RS13830 and SYNPCC7942_RS09675 and SYNPCC7942_RS05670 and Synpcc7942_0668 and Synpcc7942_0491 and SYNPCC7942_RS07360 and SYNPCC7942_RS10025,Synpcc7942_0491,None,MSDLNRGIMKFQGADNPLAIGLSAVLILGSIGLLILWGLNAAYSF,4735.566899999999,18564.79629999999,Reduced ferredoxin
NDH_1_1_um_copy1,fdxrd_c,fdxrd,SYNPCC7942_RS06865 and SYNPCC7942_RS07240 and SYNPCC7942_RS06045 and SYNPCC7942_RS06880 and SYNPCC7942_RS06875 and SYNPCC7942_RS08870 and SYNPCC7942_RS06870 and SYNPCC7942_RS06055 and SYNPCC7942_RS06050 and Synpcc7942_0413 and SYNPCC7942_RS11345 and SYNPCC7942_RS10050 and SYNPCC7942_RS12620 and SYNPCC7942_RS13830 and SYNPCC7942_RS09675 and SYNPCC7942_RS05670 and Synpcc7942_0668 and Synpcc7942_0491 and SYNPCC7942_RS07360 and SYNPCC7942_RS10025,Synpcc7942_0668,None,MRSPRTMDFKLVLLLLTIPFTLATLYFGTRNGFYDSDDYHGNGTAH,5267.946100000002,18564.79629999999,Reduced ferredoxin
NDH_1_1_um_copy1,pq_um,pq_um,SYNPCC7942_RS06865 and SYNPCC7942_RS07240 and SYNPCC7942_RS06045 and SYNPCC7942_RS06880 and SYNPCC7942_RS06875 and SYNPCC7942_RS08870 and SYNPCC7942_RS06870 and SYNPCC7942_RS06055 and SYNPCC7942_RS06050 and Synpcc7942_0413 and SYNPCC7942_RS11345 and SYNPCC7942_RS10050 and SYNPCC7942_RS12620 and SYNPCC7942_RS13830 and SYNPCC7942_RS09675 and SYNPCC7942_RS05670 and Synpcc7942_0668 and Synpcc7942_0491 and SYNPCC7942_RS07360 and SYNPCC7942_RS10025,Synpcc7942_0413,None,MTVTLIIAALYLALAGAYLLVVPAALYLYLQKRWYVASSWERAFMYFLVFFFFPGLLLLAPLLNFRPRSRQIPA,8561.283299999992,18564.79629999999,Plastoquinone
NDH_1_1_um_copy1,pq_um,pq_um,SYNPCC7942_RS06865 and SYNPCC7942_RS07240 and SYNPCC7942_RS06045 and SYNPCC7942_RS06880 and SYNPCC7942_RS06875 and SYNPCC7942_RS08870 and SYNPCC7942_RS06870 and SYNPCC7942_RS06055 and SYNPCC7942_RS06050 and Synpcc7942_0413 and SYNPCC7942_RS11345 and SYNPCC7942_RS10050 and SYNPCC7942_RS12620 and SYNPCC7942_RS13830 and SYNPCC7942_RS09675 and SYNPCC7942_RS05670 and Synpcc7942_0668 and Synpcc7942_0491 and SYNPCC7942_RS07360 and SYNPCC7942_RS10025,Synpcc7942_0491,None,MSDLNRGIMKFQGADNPLAIGLSAVLILGSIGLLILWGLNAAYSF,4735.566899999999,18564.79629999999,Plastoquinone
NDH_1_1_um_copy1,pq_um,pq_um,SYNPCC7942_RS06865 and SYNPCC7942_RS07240 and SYNPCC7942_RS06045 and SYNPCC7942_RS06880 and SYNPCC7942_RS06875 and SYNPCC7942_RS08870 and SYNPCC7942_RS06870 and SYNPCC7942_RS06055 and SYNPCC7942_RS06050 and Synpcc7942_0413 and SYNPCC7942_RS11345 and SYNPCC7942_RS10050 and SYNPCC7942_RS12620 and SYNPCC7942_RS13830 and SYNPCC7942_RS09675 and SYNPCC7942_RS05670 and Synpcc7942_0668 and Synpcc7942_0491 and SYNPCC7942_RS07360 and SYNPCC7942_RS10025,Synpcc7942_0668,None,MRSPRTMDFKLVLLLLTIPFTLATLYFGTRNGFYDSDDYHGNGTAH,5267.946100000002,18564.79629999999,Plastoquinone
NDH_1_4_um_copy1,fdxrd_c,fdxrd,SYNPCC7942_RS06865 and SYNPCC7942_RS07240 and SYNPCC7942_RS06045 and SYNPCC7942_RS06880 and SYNPCC7942_RS06875 and SYNPCC7942_RS08870 and SYNPCC7942_RS06870 and SYNPCC7942_RS06055 and SYNPCC7942_RS06050 and Synpcc7942_0413 and SYNPCC7942_RS11345 and SYNPCC7942_RS10050 and SYNPCC7942_RS12620 and SYNPCC7942_RS13830 and SYNPCC7942_RS09675 and SYNPCC7942_RS05670 and SYNPCC7942_RS10605 and SYNPCC7942_RS10600 and SYNPCC7942_RS10610 and SYNPCC7942_RS10615,Synpcc7942_0413,None,MTVTLIIAALYLALAGAYLLVVPAALYLYLQKRWYVASSWERAFMYFLVFFFFPGLLLLAPLLNFRPRSRQIPA,8561.283299999992,8561.283299999992,Reduced ferredoxin
NDH_1_4_um_copy1,pq_um,pq_um,SYNPCC7942_RS06865 and SYNPCC7942_RS07240 and SYNPCC7942_RS06045 and SYNPCC7942_RS06880 and SYNPCC7942_RS06875 and SYNPCC7942_RS08870 and SYNPCC7942_RS06870 and SYNPCC7942_RS06055 and SYNPCC7942_RS06050 and Synpcc7942_0413 and SYNPCC7942_RS11345 and SYNPCC7942_RS10050 and SYNPCC7942_RS12620 and SYNPCC7942_RS13830 and SYNPCC7942_RS09675 and SYNPCC7942_RS05670 and SYNPCC7942_RS10605 and SYNPCC7942_RS10600 and SYNPCC7942_RS10610 and SYNPCC7942_RS10615,Synpcc7942_0413,None,MTVTLIIAALYLALAGAYLLVVPAALYLYLQKRWYVASSWERAFMYFLVFFFFPGLLLLAPLLNFRPRSRQIPA,8561.283299999992,8561.283299999992,Plastoquinone
CBFCum,pcox_u,pcox_u,SYNPCC7942_RS00575 and SYNPCC7942_RS02420 and SYNPCC7942_RS01640 and SYNPCC7942_RS01645 and Synpcc7942_1478 and SYNPCC7942_RS02595 and SYNPCC7942_RS06310 and SYNPCC7942_RS06315 and SYNPCC7942_RS07560 and SYNPCC7942_RS11850 and SYNPCC7942_RS11855 and SYNPCC7942_RS12325,Synpcc7942_1478,None,MIILRHVLQTTDSLSPAIASAVEQSLSKSIESRAAQTLGWLLATAVMVAIGLVVTLIRPADPYVSTVLNLPGNAERGQAIFQINCAGCHGPEGRGLVGPDLANVSNRKSRKDLIRQVTTGETPPMPKFQPSPETMADLLRYLETL,15544.840699999986,15544.840699999986,Plastocyanin(Cu2+)
CBFCum,pqh2_um,pqh2_um,SYNPCC7942_RS00575 and SYNPCC7942_RS02420 and SYNPCC7942_RS01640 and SYNPCC7942_RS01645 and Synpcc7942_1478 and SYNPCC7942_RS02595 and SYNPCC7942_RS06310 and SYNPCC7942_RS06315 and SYNPCC7942_RS07560 and SYNPCC7942_RS11850 and SYNPCC7942_RS11855 and SYNPCC7942_RS12325,Synpcc7942_1478,None,MIILRHVLQTTDSLSPAIASAVEQSLSKSIESRAAQTLGWLLATAVMVAIGLVVTLIRPADPYVSTVLNLPGNAERGQAIFQINCAGCHGPEGRGLVGPDLANVSNRKSRKDLIRQVTTGETPPMPKFQPSPETMADLLRYLETL,15544.840699999986,15544.840699999986,Plastoquinol
PSIIum_num1,h2o_u,h2o_u,SYNPCC7942_RS01140 and SYNPCC7942_RS01145 and SYNPCC7942_RS01500 and SYNPCC7942_RS01750 and SYNPCC7942_RS02165 and SYNPCC7942_RS13675 and SYNPCC7942_RS03355 and SYNPCC7942_RS03360 and SYNPCC7942_RS03570 and SYNPCC7942_RS03575 and SYNPCC7942_RS03585 and SYNPCC7942_RS04600 and SYNPCC7942_RS05330 and SYNPCC7942_RS13745 and SYNPCC7942_RS06020 and SYNPCC7942_RS06025 and SYNPCC7942_RS06030 and SYNPCC7942_RS08350 and SYNPCC7942_RS08550 and SYNPCC7942_RS08555 and SYNPCC7942_RS13795 and SYNPCC7942_RS09545 and SYNPCC7942_RS09955 and SYNPCC7942_RS10225 and SYNPCC7942_RS11400 and SYNPCC7942_RS12590 and Synpcc7942_2010,Synpcc7942_2010,None,MVFKTLRRTLWLTLAALLAVFQFNLGAAQAAELTAETRTVKLNPQGDNVTLSLKQVAEGKQLFAYACGQCHVGGITKTDPNVGLDPEALALATPPRDSVESLVDYLHNPTTYDGEREISELHPSTKSTDIFPKMRNLTEDDLVAISGHILLQPKIVGTKWGGGKIYY,18238.661999999997,18238.661999999997,H2O H2O
PSIIum_num1,p680_exc_um,p680,SYNPCC7942_RS01140 and SYNPCC7942_RS01145 and SYNPCC7942_RS01500 and SYNPCC7942_RS01750 and SYNPCC7942_RS02165 and SYNPCC7942_RS13675 and SYNPCC7942_RS03355 and SYNPCC7942_RS03360 and SYNPCC7942_RS03570 and SYNPCC7942_RS03575 and SYNPCC7942_RS03585 and SYNPCC7942_RS04600 and SYNPCC7942_RS05330 and SYNPCC7942_RS13745 and SYNPCC7942_RS06020 and SYNPCC7942_RS06025 and SYNPCC7942_RS06030 and SYNPCC7942_RS08350 and SYNPCC7942_RS08550 and SYNPCC7942_RS08555 and SYNPCC7942_RS13795 and SYNPCC7942_RS09545 and SYNPCC7942_RS09955 and SYNPCC7942_RS10225 and SYNPCC7942_RS11400 and SYNPCC7942_RS12590 and Synpcc7942_2010,Synpcc7942_2010,None,MVFKTLRRTLWLTLAALLAVFQFNLGAAQAAELTAETRTVKLNPQGDNVTLSLKQVAEGKQLFAYACGQCHVGGITKTDPNVGLDPEALALATPPRDSVESLVDYLHNPTTYDGEREISELHPSTKSTDIFPKMRNLTEDDLVAISGHILLQPKIVGTKWGGGKIYY,18238.661999999997,18238.661999999997,"PSII reaction center P680, excited"
PSIIum_num1,pq_um,pq_um,SYNPCC7942_RS01140 and SYNPCC7942_RS01145 and SYNPCC7942_RS01500 and SYNPCC7942_RS01750 and SYNPCC7942_RS02165 and SYNPCC7942_RS13675 and SYNPCC7942_RS03355 and SYNPCC7942_RS03360 and SYNPCC7942_RS03570 and SYNPCC7942_RS03575 and SYNPCC7942_RS03585 and SYNPCC7942_RS04600 and SYNPCC7942_RS05330 and SYNPCC7942_RS13745 and SYNPCC7942_RS06020 and SYNPCC7942_RS06025 and SYNPCC7942_RS06030 and SYNPCC7942_RS08350 and SYNPCC7942_RS08550 and SYNPCC7942_RS08555 and SYNPCC7942_RS13795 and SYNPCC7942_RS09545 and SYNPCC7942_RS09955 and SYNPCC7942_RS10225 and SYNPCC7942_RS11400 and SYNPCC7942_RS12590 and Synpcc7942_2010,Synpcc7942_2010,None,MVFKTLRRTLWLTLAALLAVFQFNLGAAQAAELTAETRTVKLNPQGDNVTLSLKQVAEGKQLFAYACGQCHVGGITKTDPNVGLDPEALALATPPRDSVESLVDYLHNPTTYDGEREISELHPSTKSTDIFPKMRNLTEDDLVAISGHILLQPKIVGTKWGGGKIYY,18238.661999999997,18238.661999999997,Plastoquinone
PSIIum_num1,ps2d1_um,ps2d1_um,SYNPCC7942_RS01140 and SYNPCC7942_RS01145 and SYNPCC7942_RS01500 and SYNPCC7942_RS01750 and SYNPCC7942_RS02165 and SYNPCC7942_RS13675 and SYNPCC7942_RS03355 and SYNPCC7942_RS03360 and SYNPCC7942_RS03570 and SYNPCC7942_RS03575 and SYNPCC7942_RS03585 and SYNPCC7942_RS04600 and SYNPCC7942_RS05330 and SYNPCC7942_RS13745 and SYNPCC7942_RS06020 and SYNPCC7942_RS06025 and SYNPCC7942_RS06030 and SYNPCC7942_RS08350 and SYNPCC7942_RS08550 and SYNPCC7942_RS08555 and SYNPCC7942_RS13795 and SYNPCC7942_RS09545 and SYNPCC7942_RS09955 and SYNPCC7942_RS10225 and SYNPCC7942_RS11400 and SYNPCC7942_RS12590 and Synpcc7942_2010,Synpcc7942_2010,None,MVFKTLRRTLWLTLAALLAVFQFNLGAAQAAELTAETRTVKLNPQGDNVTLSLKQVAEGKQLFAYACGQCHVGGITKTDPNVGLDPEALALATPPRDSVESLVDYLHNPTTYDGEREISELHPSTKSTDIFPKMRNLTEDDLVAISGHILLQPKIVGTKWGGGKIYY,18238.661999999997,18238.661999999997,PSII D1 protein
PSIICSum_num1,chla_qy2_exc_c,chla_qy2_exc,SYNPCC7942_RS01140 and SYNPCC7942_RS01145 and SYNPCC7942_RS01500 and SYNPCC7942_RS01750 and SYNPCC7942_RS02165 and SYNPCC7942_RS13675 and SYNPCC7942_RS03355 and SYNPCC7942_RS03360 and SYNPCC7942_RS03570 and SYNPCC7942_RS03575 and SYNPCC7942_RS03585 and SYNPCC7942_RS04600 and SYNPCC7942_RS05330 and SYNPCC7942_RS13745 and SYNPCC7942_RS06020 and SYNPCC7942_RS06025 and SYNPCC7942_RS06030 and SYNPCC7942_RS08350 and SYNPCC7942_RS08550 and SYNPCC7942_RS08555 and SYNPCC7942_RS13795 and SYNPCC7942_RS09545 and SYNPCC7942_RS09955 and SYNPCC7942_RS10225 and SYNPCC7942_RS11400 and SYNPCC7942_RS12590 and Synpcc7942_2010,Synpcc7942_2010,None,MVFKTLRRTLWLTLAALLAVFQFNLGAAQAAELTAETRTVKLNPQGDNVTLSLKQVAEGKQLFAYACGQCHVGGITKTDPNVGLDPEALALATPPRDSVESLVDYLHNPTTYDGEREISELHPSTKSTDIFPKMRNLTEDDLVAISGHILLQPKIVGTKWGGGKIYY,18238.661999999997,18238.661999999997,"Photosystem II excited chlorophyll A, Qy band (long wavelength)"
PSIICSum_num1,p680_um,p680_um,SYNPCC7942_RS01140 and SYNPCC7942_RS01145 and SYNPCC7942_RS01500 and SYNPCC7942_RS01750 and SYNPCC7942_RS02165 and SYNPCC7942_RS13675 and SYNPCC7942_RS03355 and SYNPCC7942_RS03360 and SYNPCC7942_RS03570 and SYNPCC7942_RS03575 and SYNPCC7942_RS03585 and SYNPCC7942_RS04600 and SYNPCC7942_RS05330 and SYNPCC7942_RS13745 and SYNPCC7942_RS06020 and SYNPCC7942_RS06025 and SYNPCC7942_RS06030 and SYNPCC7942_RS08350 and SYNPCC7942_RS08550 and SYNPCC7942_RS08555 and SYNPCC7942_RS13795 and SYNPCC7942_RS09545 and SYNPCC7942_RS09955 and SYNPCC7942_RS10225 and SYNPCC7942_RS11400 and SYNPCC7942_RS12590 and Synpcc7942_2010,Synpcc7942_2010,None,MVFKTLRRTLWLTLAALLAVFQFNLGAAQAAELTAETRTVKLNPQGDNVTLSLKQVAEGKQLFAYACGQCHVGGITKTDPNVGLDPEALALATPPRDSVESLVDYLHNPTTYDGEREISELHPSTKSTDIFPKMRNLTEDDLVAISGHILLQPKIVGTKWGGGKIYY,18238.661999999997,18238.661999999997,PSII reaction center P680
NDH_1_1_um_copy2,fdxrd_c,fdxrd,SYNPCC7942_RS06865 and SYNPCC7942_RS07240 and SYNPCC7942_RS06045 and SYNPCC7942_RS06880 and SYNPCC7942_RS06875 and SYNPCC7942_RS08870 and SYNPCC7942_RS06870 and SYNPCC7942_RS06055 and SYNPCC7942_RS06050 and Synpcc7942_0413 and SYNPCC7942_RS11345 and SYNPCC7942_RS10050 and SYNPCC7942_RS12620 and SYNPCC7942_RS13830 and SYNPCC7942_RS09675 and SYNPCC7942_RS05670 and SYNPCC7942_RS10025 and Synpcc7942_0668 and Synpcc7942_0491 and SYNPCC7942_RS10020,Synpcc7942_0413,None,MTVTLIIAALYLALAGAYLLVVPAALYLYLQKRWYVASSWERAFMYFLVFFFFPGLLLLAPLLNFRPRSRQIPA,8561.283299999992,18564.79629999999,Reduced ferredoxin
NDH_1_1_um_copy2,fdxrd_c,fdxrd,SYNPCC7942_RS06865 and SYNPCC7942_RS07240 and SYNPCC7942_RS06045 and SYNPCC7942_RS06880 and SYNPCC7942_RS06875 and SYNPCC7942_RS08870 and SYNPCC7942_RS06870 and SYNPCC7942_RS06055 and SYNPCC7942_RS06050 and Synpcc7942_0413 and SYNPCC7942_RS11345 and SYNPCC7942_RS10050 and SYNPCC7942_RS12620 and SYNPCC7942_RS13830 and SYNPCC7942_RS09675 and SYNPCC7942_RS05670 and SYNPCC7942_RS10025 and Synpcc7942_0668 and Synpcc7942_0491 and SYNPCC7942_RS10020,Synpcc7942_0491,None,MSDLNRGIMKFQGADNPLAIGLSAVLILGSIGLLILWGLNAAYSF,4735.566899999999,18564.79629999999,Reduced ferredoxin
NDH_1_1_um_copy2,fdxrd_c,fdxrd,SYNPCC7942_RS06865 and SYNPCC7942_RS07240 and SYNPCC7942_RS06045 and SYNPCC7942_RS06880 and SYNPCC7942_RS06875 and SYNPCC7942_RS08870 and SYNPCC7942_RS06870 and SYNPCC7942_RS06055 and SYNPCC7942_RS06050 and Synpcc7942_0413 and SYNPCC7942_RS11345 and SYNPCC7942_RS10050 and SYNPCC7942_RS12620 and SYNPCC7942_RS13830 and SYNPCC7942_RS09675 and SYNPCC7942_RS05670 and SYNPCC7942_RS10025 and Synpcc7942_0668 and Synpcc7942_0491 and SYNPCC7942_RS10020,Synpcc7942_0668,None,MRSPRTMDFKLVLLLLTIPFTLATLYFGTRNGFYDSDDYHGNGTAH,5267.946100000002,18564.79629999999,Reduced ferredoxin
NDH_1_1_um_copy2,pq_um,pq_um,SYNPCC7942_RS06865 and SYNPCC7942_RS07240 and SYNPCC7942_RS06045 and SYNPCC7942_RS06880 and SYNPCC7942_RS06875 and SYNPCC7942_RS08870 and SYNPCC7942_RS06870 and SYNPCC7942_RS06055 and SYNPCC7942_RS06050 and Synpcc7942_0413 and SYNPCC7942_RS11345 and SYNPCC7942_RS10050 and SYNPCC7942_RS12620 and SYNPCC7942_RS13830 and SYNPCC7942_RS09675 and SYNPCC7942_RS05670 and SYNPCC7942_RS10025 and Synpcc7942_0668 and Synpcc7942_0491 and SYNPCC7942_RS10020,Synpcc7942_0413,None,MTVTLIIAALYLALAGAYLLVVPAALYLYLQKRWYVASSWERAFMYFLVFFFFPGLLLLAPLLNFRPRSRQIPA,8561.283299999992,18564.79629999999,Plastoquinone
NDH_1_1_um_copy2,pq_um,pq_um,SYNPCC7942_RS06865 and SYNPCC7942_RS07240 and SYNPCC7942_RS06045 and SYNPCC7942_RS06880 and SYNPCC7942_RS06875 and SYNPCC7942_RS08870 and SYNPCC7942_RS06870 and SYNPCC7942_RS06055 and SYNPCC7942_RS06050 and Synpcc7942_0413 and SYNPCC7942_RS11345 and SYNPCC7942_RS10050 and SYNPCC7942_RS12620 and SYNPCC7942_RS13830 and SYNPCC7942_RS09675 and SYNPCC7942_RS05670 and SYNPCC7942_RS10025 and Synpcc7942_0668 and Synpcc7942_0491 and SYNPCC7942_RS10020,Synpcc7942_0491,None,MSDLNRGIMKFQGADNPLAIGLSAVLILGSIGLLILWGLNAAYSF,4735.566899999999,18564.79629999999,Plastoquinone
NDH_1_1_um_copy2,pq_um,pq_um,SYNPCC7942_RS06865 and SYNPCC7942_RS07240 and SYNPCC7942_RS06045 and SYNPCC7942_RS06880 and SYNPCC7942_RS06875 and SYNPCC7942_RS08870 and SYNPCC7942_RS06870 and SYNPCC7942_RS06055 and SYNPCC7942_RS06050 and Synpcc7942_0413 and SYNPCC7942_RS11345 and SYNPCC7942_RS10050 and SYNPCC7942_RS12620 and SYNPCC7942_RS13830 and SYNPCC7942_RS09675 and SYNPCC7942_RS05670 and SYNPCC7942_RS10025 and Synpcc7942_0668 and Synpcc7942_0491 and SYNPCC7942_RS10020,Synpcc7942_0668,None,MRSPRTMDFKLVLLLLTIPFTLATLYFGTRNGFYDSDDYHGNGTAH,5267.946100000002,18564.79629999999,Plastoquinone
ORNTA_reverse,glu5sa_c,glu5sa,Synpcc7942_0034,Synpcc7942_0034,C(CC(C(=O)O)N)C=O,MFLCPFGNALYLLPPYCLTPTDLQEIYAAIANLLHGM,4128.894199999999,4128.894199999999,L-Glutamate 5-semialdehyde
ORNTA_reverse,glu__L_c,glu__L,Synpcc7942_0034,Synpcc7942_0034,C(CC(=O)[O-])C(C(=O)[O-])[NH3+],MFLCPFGNALYLLPPYCLTPTDLQEIYAAIANLLHGM,4128.894199999999,4128.894199999999,L-Glutamate
ACODA_num2,acorn_c,acorn,Synpcc7942_1971,Synpcc7942_1971,CC(=O)NC(CCCN)C(=O)O,MLVCPVLDRIREVATRLEPRLLEIRRHLHAHPELSGHEHQTAAYVAGVLSSCGLQVREGVGRTGVVGDLPGTGRDRRCLALRTDMDALPIEEQTGLPFASRQQGIMHACGHDLHTTLGLGAAMVLSELGEPLPGDVRWLFQPAEEIAQGARWMVAAEALEGVDAILGVHVFPSIPAGVVGIRYGALTAAADDLEIVIQGESGHGARPHEAKDAIWIAAQIITMLQQAISRTQNPLRPVVLTIGQIQGGELLM,27006.814799999986,54013.62959999997,N2-Acetyl-L-ornithine
PSIIum_num2,h2o_u,h2o_u,SYNPCC7942_RS01140 and SYNPCC7942_RS01145 and SYNPCC7942_RS01500 and SYNPCC7942_RS01750 and SYNPCC7942_RS02165 and SYNPCC7942_RS13675 and SYNPCC7942_RS03355 and SYNPCC7942_RS03360 and SYNPCC7942_RS03570 and SYNPCC7942_RS03575 and SYNPCC7942_RS03585 and SYNPCC7942_RS05330 and SYNPCC7942_RS13745 and SYNPCC7942_RS06020 and SYNPCC7942_RS06025 and SYNPCC7942_RS06030 and SYNPCC7942_RS07110 and SYNPCC7942_RS08350 and SYNPCC7942_RS08550 and SYNPCC7942_RS08555 and SYNPCC7942_RS13795 and SYNPCC7942_RS09545 and SYNPCC7942_RS09955 and SYNPCC7942_RS10225 and SYNPCC7942_RS11400 and SYNPCC7942_RS12590 and Synpcc7942_2010,Synpcc7942_2010,None,MVFKTLRRTLWLTLAALLAVFQFNLGAAQAAELTAETRTVKLNPQGDNVTLSLKQVAEGKQLFAYACGQCHVGGITKTDPNVGLDPEALALATPPRDSVESLVDYLHNPTTYDGEREISELHPSTKSTDIFPKMRNLTEDDLVAISGHILLQPKIVGTKWGGGKIYY,18238.661999999997,18238.661999999997,H2O H2O
PSIIum_num2,p680_exc_um,p680,SYNPCC7942_RS01140 and SYNPCC7942_RS01145 and SYNPCC7942_RS01500 and SYNPCC7942_RS01750 and SYNPCC7942_RS02165 and SYNPCC7942_RS13675 and SYNPCC7942_RS03355 and SYNPCC7942_RS03360 and SYNPCC7942_RS03570 and SYNPCC7942_RS03575 and SYNPCC7942_RS03585 and SYNPCC7942_RS05330 and SYNPCC7942_RS13745 and SYNPCC7942_RS06020 and SYNPCC7942_RS06025 and SYNPCC7942_RS06030 and SYNPCC7942_RS07110 and SYNPCC7942_RS08350 and SYNPCC7942_RS08550 and SYNPCC7942_RS08555 and SYNPCC7942_RS13795 and SYNPCC7942_RS09545 and SYNPCC7942_RS09955 and SYNPCC7942_RS10225 and SYNPCC7942_RS11400 and SYNPCC7942_RS12590 and Synpcc7942_2010,Synpcc7942_2010,None,MVFKTLRRTLWLTLAALLAVFQFNLGAAQAAELTAETRTVKLNPQGDNVTLSLKQVAEGKQLFAYACGQCHVGGITKTDPNVGLDPEALALATPPRDSVESLVDYLHNPTTYDGEREISELHPSTKSTDIFPKMRNLTEDDLVAISGHILLQPKIVGTKWGGGKIYY,18238.661999999997,18238.661999999997,"PSII reaction center P680, excited"
PSIIum_num2,pq_um,pq_um,SYNPCC7942_RS01140 and SYNPCC7942_RS01145 and SYNPCC7942_RS01500 and SYNPCC7942_RS01750 and SYNPCC7942_RS02165 and SYNPCC7942_RS13675 and SYNPCC7942_RS03355 and SYNPCC7942_RS03360 and SYNPCC7942_RS03570 and SYNPCC7942_RS03575 and SYNPCC7942_RS03585 and SYNPCC7942_RS05330 and SYNPCC7942_RS13745 and SYNPCC7942_RS06020 and SYNPCC7942_RS06025 and SYNPCC7942_RS06030 and SYNPCC7942_RS07110 and SYNPCC7942_RS08350 and SYNPCC7942_RS08550 and SYNPCC7942_RS08555 and SYNPCC7942_RS13795 and SYNPCC7942_RS09545 and SYNPCC7942_RS09955 and SYNPCC7942_RS10225 and SYNPCC7942_RS11400 and SYNPCC7942_RS12590 and Synpcc7942_2010,Synpcc7942_2010,None,MVFKTLRRTLWLTLAALLAVFQFNLGAAQAAELTAETRTVKLNPQGDNVTLSLKQVAEGKQLFAYACGQCHVGGITKTDPNVGLDPEALALATPPRDSVESLVDYLHNPTTYDGEREISELHPSTKSTDIFPKMRNLTEDDLVAISGHILLQPKIVGTKWGGGKIYY,18238.661999999997,18238.661999999997,Plastoquinone
PSIIum_num2,ps2d1_um,ps2d1_um,SYNPCC7942_RS01140 and SYNPCC7942_RS01145 and SYNPCC7942_RS01500 and SYNPCC7942_RS01750 and SYNPCC7942_RS02165 and SYNPCC7942_RS13675 and SYNPCC7942_RS03355 and SYNPCC7942_RS03360 and SYNPCC7942_RS03570 and SYNPCC7942_RS03575 and SYNPCC7942_RS03585 and SYNPCC7942_RS05330 and SYNPCC7942_RS13745 and SYNPCC7942_RS06020 and SYNPCC7942_RS06025 and SYNPCC7942_RS06030 and SYNPCC7942_RS07110 and SYNPCC7942_RS08350 and SYNPCC7942_RS08550 and SYNPCC7942_RS08555 and SYNPCC7942_RS13795 and SYNPCC7942_RS09545 and SYNPCC7942_RS09955 and SYNPCC7942_RS10225 and SYNPCC7942_RS11400 and SYNPCC7942_RS12590 and Synpcc7942_2010,Synpcc7942_2010,None,MVFKTLRRTLWLTLAALLAVFQFNLGAAQAAELTAETRTVKLNPQGDNVTLSLKQVAEGKQLFAYACGQCHVGGITKTDPNVGLDPEALALATPPRDSVESLVDYLHNPTTYDGEREISELHPSTKSTDIFPKMRNLTEDDLVAISGHILLQPKIVGTKWGGGKIYY,18238.661999999997,18238.661999999997,PSII D1 protein
PSIICSum_num2,chla_qy2_exc_c,chla_qy2_exc,SYNPCC7942_RS01140 and SYNPCC7942_RS01145 and SYNPCC7942_RS01500 and SYNPCC7942_RS01750 and SYNPCC7942_RS02165 and SYNPCC7942_RS13675 and SYNPCC7942_RS03355 and SYNPCC7942_RS03360 and SYNPCC7942_RS03570 and SYNPCC7942_RS03575 and SYNPCC7942_RS03585 and SYNPCC7942_RS05330 and SYNPCC7942_RS13745 and SYNPCC7942_RS06020 and SYNPCC7942_RS06025 and SYNPCC7942_RS06030 and SYNPCC7942_RS07110 and SYNPCC7942_RS08350 and SYNPCC7942_RS08550 and SYNPCC7942_RS08555 and SYNPCC7942_RS13795 and SYNPCC7942_RS09545 and SYNPCC7942_RS09955 and SYNPCC7942_RS10225 and SYNPCC7942_RS11400 and SYNPCC7942_RS12590 and Synpcc7942_2010,Synpcc7942_2010,None,MVFKTLRRTLWLTLAALLAVFQFNLGAAQAAELTAETRTVKLNPQGDNVTLSLKQVAEGKQLFAYACGQCHVGGITKTDPNVGLDPEALALATPPRDSVESLVDYLHNPTTYDGEREISELHPSTKSTDIFPKMRNLTEDDLVAISGHILLQPKIVGTKWGGGKIYY,18238.661999999997,18238.661999999997,"Photosystem II excited chlorophyll A, Qy band (long wavelength)"
PSIICSum_num2,p680_um,p680_um,SYNPCC7942_RS01140 and SYNPCC7942_RS01145 and SYNPCC7942_RS01500 and SYNPCC7942_RS01750 and SYNPCC7942_RS02165 and SYNPCC7942_RS13675 and SYNPCC7942_RS03355 and SYNPCC7942_RS03360 and SYNPCC7942_RS03570 and SYNPCC7942_RS03575 and SYNPCC7942_RS03585 and SYNPCC7942_RS05330 and SYNPCC7942_RS13745 and SYNPCC7942_RS06020 and SYNPCC7942_RS06025 and SYNPCC7942_RS06030 and SYNPCC7942_RS07110 and SYNPCC7942_RS08350 and SYNPCC7942_RS08550 and SYNPCC7942_RS08555 and SYNPCC7942_RS13795 and SYNPCC7942_RS09545 and SYNPCC7942_RS09955 and SYNPCC7942_RS10225 and SYNPCC7942_RS11400 and SYNPCC7942_RS12590 and Synpcc7942_2010,Synpcc7942_2010,None,MVFKTLRRTLWLTLAALLAVFQFNLGAAQAAELTAETRTVKLNPQGDNVTLSLKQVAEGKQLFAYACGQCHVGGITKTDPNVGLDPEALALATPPRDSVESLVDYLHNPTTYDGEREISELHPSTKSTDIFPKMRNLTEDDLVAISGHILLQPKIVGTKWGGGKIYY,18238.661999999997,18238.661999999997,PSII reaction center P680
ACODA_reverse_num2,ac_c,ac,Synpcc7942_1971,Synpcc7942_1971,CC(=O)[O-],MLVCPVLDRIREVATRLEPRLLEIRRHLHAHPELSGHEHQTAAYVAGVLSSCGLQVREGVGRTGVVGDLPGTGRDRRCLALRTDMDALPIEEQTGLPFASRQQGIMHACGHDLHTTLGLGAAMVLSELGEPLPGDVRWLFQPAEEIAQGARWMVAAEALEGVDAILGVHVFPSIPAGVVGIRYGALTAAADDLEIVIQGESGHGARPHEAKDAIWIAAQIITMLQQAISRTQNPLRPVVLTIGQIQGGELLM,27006.814799999986,54013.62959999997,Acetate
ACODA_reverse_num2,orn_c,orn,Synpcc7942_1971,Synpcc7942_1971,C(CC(C(=O)[O-])[NH3+])C[NH3+],MLVCPVLDRIREVATRLEPRLLEIRRHLHAHPELSGHEHQTAAYVAGVLSSCGLQVREGVGRTGVVGDLPGTGRDRRCLALRTDMDALPIEEQTGLPFASRQQGIMHACGHDLHTTLGLGAAMVLSELGEPLPGDVRWLFQPAEEIAQGARWMVAAEALEGVDAILGVHVFPSIPAGVVGIRYGALTAAADDLEIVIQGESGHGARPHEAKDAIWIAAQIITMLQQAISRTQNPLRPVVLTIGQIQGGELLM,27006.814799999986,54013.62959999997,Ornithine
